{
    "enabled": true,
    "neededInstalledMods": [],
    "neededUninstalledMods": [],
    "spawns": [
        {
			"id": "celesteela-1",
			"pokemon": "celesteela",
			"presets": [
				"urban"
			],
			"type": "pokemon",
			"context": "grounded",
			"bucket": "ultra-rare",
			"level": "70-100",
			"weight": 4,
			"condition": {
				"canSeeSky": true,
				"isRaining": false,
				"minY": 300,
				"biomes": [
					"#cobblemon:is_jungle",
					"#cobblemon:is_savanna",
					"#cobblemon:is_bamboo",
					"#minecraft:is_beach"
				]
			}
        }
      ]
}