{
	"format_version": "1.8.0",
	"animations": {
		"animation.dustox.ground_idle": {
			"loop": true,
			"bones": {
				"body": {
					"rotation": ["20+math.sin(q.anim_time*60*4)*1.5", 0, 0],
					"position": [0, "math.cos(q.anim_time*60*4)*0.5", 2]
				},
				"arm1_left": {
					"rotation": [0, "-math.cos(q.anim_time*60*4)*1", 0]
				},
				"arm2_left": {
					"rotation": [0, "math.sin(q.anim_time*60*4)*2.5", 0]
				},
				"arm1_right": {
					"rotation": [0, "math.cos(q.anim_time*60*4)*2.5", 0]
				},
				"arm2_right": {
					"rotation": [0, "-math.sin(q.anim_time*60*4)*2.5", 0]
				},
				"wings_left": {
					"rotation": [0, "2.5+math.cos(q.anim_time*60*4)*1", 0]
				},
				"wings_right": {
					"rotation": [0, "-2.5-math.cos(q.anim_time*60*4)*1", 0]
				},
				"antena_right": {
					"rotation": ["-math.cos(q.anim_time*60*4)*1.5", 0, 0]
				},
				"antena_left": {
					"rotation": ["-math.cos(q.anim_time*60*4)*1.5", 0, 0]
				}
			}
		},
		"animation.dustox.cry": {
			"animation_length": 0.8333,
			"bones": {
				"body": {
					"rotation": {
						"0.0": [0, 0, 0],
						"0.0833": {
							"pre": [-5, 0, 0],
							"post": [-5, 0, 0],
							"lerp_mode": "catmullrom"
						},
						"0.5": {
							"post": [-5, 0, 0],
							"lerp_mode": "catmullrom"
						},
						"0.8333": [0, 0, 0]
					},
					"position": {
						"0.0": [0, 0, 0],
						"0.25": {
							"pre": [0, 0.5, 0],
							"post": [0, 0.5, 0],
							"lerp_mode": "catmullrom"
						},
						"0.5": {
							"post": [0, 0.5, 0],
							"lerp_mode": "catmullrom"
						},
						"0.8333": [0, 0, 0]
					}
				}
			},
			"sound_effects": {
				"0.0417": {
					"effect": "pokemon.dustox.cry"
				}
			}
		},
		"animation.dustox.status": {
			"animation_length": 1.8333,
			"bones": {
				"body": {
					"rotation": {
						"0.0": [20, 0, 0],
						"0.25": {
							"pre": [27.5, 0, 0],
							"post": [27.5, 0, 0],
							"lerp_mode": "catmullrom"
						},
						"0.6667": {
							"post": [27.5, 0, 0],
							"lerp_mode": "catmullrom"
						},
						"0.9167": {
							"post": [15, 0, 0],
							"lerp_mode": "catmullrom"
						},
						"1.1667": {
							"post": [12.5, 0, 0],
							"lerp_mode": "catmullrom"
						},
						"1.5": {
							"post": [12.5, 0, 0],
							"lerp_mode": "catmullrom"
						},
						"1.8333": [20, 0, 0]
					},
					"position": {
						"0.0": [0, 0, 2],
						"0.25": {
							"pre": [0, -0.5, 2.5],
							"post": [0, -0.5, 2.5],
							"lerp_mode": "catmullrom"
						},
						"0.6667": {
							"post": [0, -0.5, 2.5],
							"lerp_mode": "catmullrom"
						},
						"0.9167": {
							"post": [0, 0.5, 1],
							"lerp_mode": "catmullrom"
						},
						"1.1667": {
							"post": [0, 0.5, 1],
							"lerp_mode": "catmullrom"
						},
						"1.5": {
							"post": [0, 0.5, 1],
							"lerp_mode": "catmullrom"
						},
						"1.8333": [0, 0, 2]
					}
				},
				"arm1_left": {
					"rotation": {
						"0.0": [0, 0, 0],
						"0.25": {
							"pre": [0, 25, 0],
							"post": [0, 25, 0],
							"lerp_mode": "catmullrom"
						},
						"0.75": {
							"post": [0, 25, 0],
							"lerp_mode": "catmullrom"
						},
						"0.9167": {
							"post": [0, -20, 0],
							"lerp_mode": "catmullrom"
						},
						"1.1667": {
							"post": [0, -20, 0],
							"lerp_mode": "catmullrom"
						},
						"1.5": {
							"post": [0, -20, 0],
							"lerp_mode": "catmullrom"
						},
						"1.8333": [0, 0, 0]
					}
				},
				"arm2_left": {
					"rotation": {
						"0.0": [0, 0, 0],
						"0.25": {
							"pre": [0, 25, 0],
							"post": [0, 25, 0],
							"lerp_mode": "catmullrom"
						},
						"0.75": {
							"post": [0, 25, 0],
							"lerp_mode": "catmullrom"
						},
						"0.9167": {
							"post": [0, -20, 0],
							"lerp_mode": "catmullrom"
						},
						"1.1667": {
							"post": [0, -20, 0],
							"lerp_mode": "catmullrom"
						},
						"1.5": {
							"post": [0, -20, 0],
							"lerp_mode": "catmullrom"
						},
						"1.8333": [0, 0, 0]
					}
				},
				"arm1_right": {
					"rotation": {
						"0.0": [0, 0, 0],
						"0.25": {
							"pre": [0, -25, 0],
							"post": [0, -25, 0],
							"lerp_mode": "catmullrom"
						},
						"0.75": {
							"post": [0, -25, 0],
							"lerp_mode": "catmullrom"
						},
						"0.9167": {
							"post": [0, 20, 0],
							"lerp_mode": "catmullrom"
						},
						"1.1667": {
							"post": [0, 20, 0],
							"lerp_mode": "catmullrom"
						},
						"1.5": {
							"post": [0, 20, 0],
							"lerp_mode": "catmullrom"
						},
						"1.8333": [0, 0, 0]
					}
				},
				"arm2_right": {
					"rotation": {
						"0.0": [0, 0, 0],
						"0.25": {
							"pre": [0, -25, 0],
							"post": [0, -25, 0],
							"lerp_mode": "catmullrom"
						},
						"0.75": {
							"post": [0, -25, 0],
							"lerp_mode": "catmullrom"
						},
						"0.9167": {
							"post": [0, 20, 0],
							"lerp_mode": "catmullrom"
						},
						"1.1667": {
							"post": [0, 20, 0],
							"lerp_mode": "catmullrom"
						},
						"1.5": {
							"post": [0, 20, 0],
							"lerp_mode": "catmullrom"
						},
						"1.8333": [0, 0, 0]
					}
				}
			}
		},
		"animation.dustox.physical": {
			"animation_length": 2,
			"bones": {
				"body": {
					"rotation": {
						"0.0": [20, 0, 0],
						"0.2917": {
							"pre": [30, 0, 0],
							"post": [30, 0, 0],
							"lerp_mode": "catmullrom"
						},
						"0.875": {
							"post": [32, 0, 0],
							"lerp_mode": "catmullrom"
						},
						"1.0417": {
							"post": [55, 0, 0],
							"lerp_mode": "catmullrom"
						},
						"1.2083": {
							"post": [55, 0, 0],
							"lerp_mode": "catmullrom"
						},
						"1.5": {
							"post": [47.5, 0, 0],
							"lerp_mode": "catmullrom"
						},
						"2.0": [20, 0, 0]
					},
					"position": {
						"0.0": [0, 0, 2],
						"0.3333": {
							"pre": [0, -0.5, 3],
							"post": [0, -0.5, 3],
							"lerp_mode": "catmullrom"
						},
						"0.75": {
							"post": [0, 0, 5],
							"lerp_mode": "catmullrom"
						},
						"0.9583": {
							"post": [0, 0, 6],
							"lerp_mode": "catmullrom"
						},
						"1.0833": {
							"post": [0, 0, -7],
							"lerp_mode": "catmullrom"
						},
						"1.125": {
							"post": [0, 0, -7],
							"lerp_mode": "catmullrom"
						},
						"1.5": {
							"post": [0, 1, -8],
							"lerp_mode": "catmullrom"
						},
						"1.75": {
							"post": [0, 1, -1],
							"lerp_mode": "catmullrom"
						},
						"2.0": [0, 0, 2]
					}
				},
				"arm1_left": {
					"rotation": {
						"0.0": [0, 0, 0],
						"0.5": {
							"pre": [0, 35, 0],
							"post": [0, 35, 0],
							"lerp_mode": "catmullrom"
						},
						"1.0": {
							"post": [0, 40, 0],
							"lerp_mode": "catmullrom"
						},
						"1.6667": {
							"post": [0, 35, 0],
							"lerp_mode": "catmullrom"
						},
						"2.0": [0, 0, 0]
					}
				},
				"arm2_left": {
					"rotation": {
						"0.0": [0, 0, 0],
						"0.7083": {
							"pre": [0, 35, 0],
							"post": [0, 35, 0],
							"lerp_mode": "catmullrom"
						},
						"1.0": {
							"post": [0, 40, 0],
							"lerp_mode": "catmullrom"
						},
						"1.6667": {
							"post": [0, 35, 0],
							"lerp_mode": "catmullrom"
						},
						"2.0": [0, 0, 0]
					}
				},
				"arm1_right": {
					"rotation": {
						"0.0": [0, 0, 0],
						"0.5": {
							"pre": [0, -35, 0],
							"post": [0, -35, 0],
							"lerp_mode": "catmullrom"
						},
						"1.0": {
							"post": [0, -40, 0],
							"lerp_mode": "catmullrom"
						},
						"1.6667": {
							"post": [0, -35, 0],
							"lerp_mode": "catmullrom"
						},
						"2.0": [0, 0, 0]
					}
				},
				"arm2_right": {
					"rotation": {
						"0.0": [0, 0, 0],
						"0.7083": {
							"pre": [0, -35, 0],
							"post": [0, -35, 0],
							"lerp_mode": "catmullrom"
						},
						"1.0": {
							"post": [0, -40, 0],
							"lerp_mode": "catmullrom"
						},
						"1.6667": {
							"post": [0, -35, 0],
							"lerp_mode": "catmullrom"
						},
						"2.0": [0, 0, 0]
					}
				}
			}
		},
		"animation.dustox.recoil": {
			"animation_length": 0.75,
			"bones": {
				"body": {
					"rotation": {
						"0.0": [0, 0, 0],
						"0.0417": {
							"pre": [-5, -1, 0],
							"post": [-5, -1, 0],
							"lerp_mode": "catmullrom"
						},
						"0.5": {
							"post": [-5, 1, 0],
							"lerp_mode": "catmullrom"
						},
						"0.75": [0, 0, 0]
					}
				}
			}
		},
		"animation.dustox.air_idle": {
			"loop": true,
			"bones": {
				"body": {
					"rotation": ["22.5+math.sin(q.anim_time*60*4)*1.5", 0, 0],
					"position": [0, "math.cos(q.anim_time*60*4)*0.5", 2]
				},
				"arm1_left": {
					"rotation": [0, "-math.cos(q.anim_time*60*4)*1", 0]
				},
				"arm2_left": {
					"rotation": [0, "math.sin(q.anim_time*60*4)*2.5", 0]
				},
				"arm1_right": {
					"rotation": [0, "math.cos(q.anim_time*60*4)*2.5", 0]
				},
				"arm2_right": {
					"rotation": [0, "-math.sin(q.anim_time*60*4)*2.5", 0]
				},
				"wings_left": {
					"rotation": [0, "2.5+math.cos(q.anim_time*60*4)*1", 0]
				},
				"wings_right": {
					"rotation": [0, "-2.5-math.cos(q.anim_time*60*4)*1", 0]
				},
				"antena_right": {
					"rotation": ["-math.cos(q.anim_time*60*4)*1.5", 0, 0]
				},
				"antena_left": {
					"rotation": ["-math.cos(q.anim_time*60*4)*1.5", 0, 0]
				}
			}
		},
		"animation.dustox.air_fly": {
			"loop": true,
			"bones": {
				"body": {
					"rotation": ["30+math.sin(q.anim_time*60*6)*1.5", 0, 0],
					"position": ["math.cos(q.anim_time*60*1.5)*0.25", "math.cos(q.anim_time*60*6)*0.5", 2]
				},
				"arm1_left": {
					"rotation": [0, "-math.cos(q.anim_time*60*6)*1", 0]
				},
				"arm2_left": {
					"rotation": [0, "math.sin(q.anim_time*60*6)*2.5", 0]
				},
				"arm1_right": {
					"rotation": [0, "math.cos(q.anim_time*60*6)*2.5", 0]
				},
				"arm2_right": {
					"rotation": [0, "-math.sin(q.anim_time*60*6)*2.5", 0]
				},
				"wings_left": {
					"rotation": [0, "2.5+math.cos(q.anim_time*60*6)*1.5", 0]
				},
				"wings_right": {
					"rotation": [0, "-2.5-math.cos(q.anim_time*60*6)*1.5", 0]
				},
				"antena_right": {
					"rotation": ["-5-math.cos(q.anim_time*60*6)*1.5", 0, 0]
				},
				"antena_left": {
					"rotation": ["-5-math.cos(q.anim_time*60*6)*1.5", 0, 0]
				}
			}
		}
	}
}