{
  "portraitScale": 2,
  "portraitTranslation": [ .1, -.25, 0 ],
  "profileScale": .9,
  "profileTranslation": [ 0, .5, 0 ],
  "rootBone": "azumarill",
  "animations": {
    "cry": "q.bedrock_stateful('azumarill', 'cry')",
    "special": "q.bedrock_primary('azumarill', 'special', q.curve('symmetrical_wide'))",
    "recoil": "q.bedrock_stateful('azumarill', 'recoil')"
  },
  "poses": {
    "standing": {
      "poseName": "standing",
      "transformTicks": 10,
      "poseTypes": [ "STAND", "NONE", "PORTRAIT", "PROFILE" ],
      "animations": [
        "q.bedrock('azumarill', 'ground_idle')"
      ],
	"quirks": [
        "q.bedrock_quirk('azumarill', 'blink')"
		]
    },
    "walking": {
      "poseName": "walking",
      "transformTicks": 10,
      "poseTypes": [ "WALK" ],
      "animations": [ "q.bedrock('azumarill', 'ground_walk')" ],
	"quirks": [
        "q.bedrock_quirk('azumarill', 'blink')"
		]
    },
    "sleeping": {
      "poseName": "sleeping",
      "transformTicks": 10,
      "poseTypes": ["SLEEP"],
      "animations": ["q.bedrock('azumarill', 'sleep')"]
    }
  }
}