{
  "head": "head",
  "portraitScale": 1.5,
  "portraitTranslation": [ -0.1, 1.55, 0 ],
  "profileScale": .5,
  "profileTranslation": [ 0, 0.95, 0 ],
  "rootBone": "iron_hands",
  "animations": {
    "cry": "q.bedrock_stateful('ironhands', 'cry')",
    "recoil": "q.bedrock_stateful('ironhands', 'recoil')",
    "physical": "q.bedrock_primary('ironhands', 'physical', q.curve('symmetrical_wide'))"
  },
  "poses": {
    "battle-idle": {
      "poseName": "battle-idle",
      "poseTypes": ["STAND"],
      "isBattle": true,
      "animations": ["q.look('head')", "q.bedrock('ironhands', 'battle_idle')"]
    },
    "standing": {
      "poseName": "standing",
      "transformTicks": 10,
      "poseTypes": [ "STAND", "NONE", "PORTRAIT", "PROFILE" ],
      "isBattle": false,
      "animations": [ "q.look('head')", "q.bedrock('ironhands', 'ground_idle')" ]
    },
    "walking": {
      "poseName": "walking",
      "transformTicks": 10,
      "poseTypes": [ "WALK" ],
      "animations": [ "q.look('head')", "q.bedrock('ironhands', 'ground_walk')" ]
    }
  }
}