{
  "portraitScale": 3,
  "portraitTranslation": [ 0, -2.5, 0 ],
  "profileScale": 1.5,
  "profileTranslation": [ 0, -.5, 0 ],
  "rootBone": "marill",
  "animations": {
    "cry": "q.bedrock_stateful('marill', 'cry')",
    "special": "q.bedrock_primary('marill', 'special', q.curve('symmetrical_wide'))",
    "recoil": "q.bedrock_stateful('marill', 'recoil')"
  },
  "poses": {
    "standing": {
      "poseName": "standing",
      "transformTicks": 10,
      "poseTypes": [ "STAND", "NONE", "PORTRAIT", "PROFILE" ],
      "animations": [
        "q.bedrock('marill', 'ground_idle')"
      ],
	"quirks": [
        "q.bedrock_quirk('marill', 'blink')"
		]
    },
    "walking": {
      "poseName": "walking",
      "transformTicks": 10,
      "poseTypes": [ "WALK" ],
      "animations": [ "q.bedrock('marill', 'ground_walk')" ],
	"quirks": [
        "q.bedrock_quirk('marill', 'blink')"
		]
    },
    "sleeping": {
      "poseName": "sleeping",
      "transformTicks": 10,
      "poseTypes": ["SLEEP"],
      "animations": ["q.bedrock('marill', 'sleep')"]
    }
  }
}