{
  "portraitScale": 1.3,
  "portraitTranslation": [
    -1.1,
    0.7,
    0
  ],
  "profileScale": 0.5,
  "profileTranslation": [
    0,
    0.8,
    0
  ],
  "cry": "bedrock(tinglu, cry)",
  "poses": {
    "standing": {
      "poseName": "standing",
      "transformTicks": 10,
      "poseTypes": [
        "STAND",
        "NONE",
        "PORTRAIT",
        "PROFILE"
      ],
      "animations": [
        "bedrock(tinglu, ground_idle)"
      ]
    },
    "walking": {
      "poseName": "walking",
      "transformTicks": 10,
      "poseTypes": [
        "WALK"
      ],
      "animations": [
        "bedrock(tinglu, ground_walk)"
      ]
    }
  }
}