{
  "battle.pvn.default": {
    "sounds": [
      {
        "name": "cobblemon:battle/trainer/battletower",
        "stream": true,
        "volume": 0.9
      },
      {
        "name": "cobblemon:battle/trainer/gladion",
        "stream": true,
        "volume": 1.4
      },
      {
        "name": "cobblemon:battle/trainer/cynthia",
        "stream": true,
        "volume": 1.6
      }
    ]
  },
  "battle.pvn.gym_leader": {
    "sounds": [
      {
        "name": "cobblemon:battle/trainer/cobbletrainers/gym_leader",
        "stream": true,
        "volume": 1.4
      }
    ]
  },
  "battle.pvn.rocket_grunt": {
    "sounds": [
      {
        "name": "cobblemon:battle/trainer/cobbletrainers/rocket_grunt",
        "stream": true,
        "volume": 1.4
      }
    ]
  },
  "battle.pvp.default": {
    "sounds": [
      {
        "name": "cobblemon:battle/trainer/battletower",
        "stream": true,
        "volume": 0.9
      },
      {
        "name": "cobblemon:battle/trainer/gladion",
        "stream": true,
        "volume": 1.2
      },
      {
        "name": "cobblemon:battle/trainer/cynthia",
        "stream": true,
        "volume": 1.6
      }
    ]
  },
  "battle.pvw.default": {
    "sounds": [
      {
        "name": "cobblemon:battle/wild/standard/areazero",
        "stream": true,
        "volume": 1.2
      }
    ]
  },
  "battle.pvw.legendary": {
    "sounds": [
      {
        "name": "cobblemon:battle/wild/legendary/legendary",
        "stream": true,
        "volume": 1.2
      }
    ]
  },
  "battle.pvw.sub_legendary": {
    "sounds": [
      {
        "name": "cobblemon:battle/wild/legendary/sub_legendary",
        "stream": true,
        "volume": 1.2
      }
    ]
  },
  "battle.pvw.ultrabeast": {
    "sounds": [
      {
        "name": "cobblemon:battle/wild/legendary/ultrabeast",
        "stream": true,
        "volume": 1.4
      }
    ]
  }
}