{
	"format_version": "1.12.0",
	"minecraft:geometry": [
		{
			"description": {
				"identifier": "geometry.unknown",
				"texture_width": 512,
				"texture_height": 512,
				"visible_bounds_width": 9,
				"visible_bounds_height": 9.5,
				"visible_bounds_offset": [0, 4.25, 0]
			},
			"bones": [
				{
					"name": "Project",
					"pivot": [0, 0, 0]
				},
				{
					"name": "MainBody",
					"parent": "Project",
					"pivot": [0, 0, 0]
				},
				{
					"name": "Head",
					"parent": "MainBody",
					"pivot": [8, 58, -8]
				},
				{
					"name": "actualhead",
					"parent": "Head",
					"pivot": [0, 88, -1],
					"cubes": [
						{"origin": [0, 120, -1], "size": [1, 3, 1], "uv": [41, 88]},
						{"origin": [-3, 97, -0.5], "size": [1, 5, 0], "pivot": [-3, 97, 1], "rotation": [-8.73739, -12.2403, -54.06134], "uv": [40, 30]},
						{"origin": [-6, 98, -0.5], "size": [1, 5, 0], "pivot": [-6, 98, 1], "rotation": [-8.73739, -12.2403, -54.06134], "uv": [40, 25]},
						{"origin": [4, 98, -3.5], "size": [1, 5, 0], "pivot": [4, 98, -2], "rotation": [-169.07547, -4.66494, -124.63143], "uv": [40, 10]},
						{"origin": [7.75, 98, -3.75], "size": [1, 5, 0], "pivot": [7, 98, -2], "rotation": [-169.07547, -4.66494, -124.63143], "uv": [40, 15]},
						{"origin": [-3, 93, -3.5], "size": [1, 5, 0], "pivot": [-3, 93, -2], "rotation": [166.63527, 18.26883, 52.84154], "uv": [40, 20]},
						{"origin": [4, 92, -3.5], "size": [1, 5, 0], "pivot": [4, 92, -2], "rotation": [165.86418, -11.91093, -48.17259], "uv": [40, 5]},
						{"origin": [0, 117, -1], "size": [1, 3, 1], "uv": [39, 0]},
						{"origin": [-1, 105, -2], "size": [3, 6, 3], "uv": [16, 69]},
						{"origin": [-0.5, 111, -1.5], "size": [2, 6, 2], "uv": [129, 0]},
						{"origin": [-1.5, 101, -2.5], "size": [4, 4, 4], "uv": [28, 89]},
						{"origin": [-3, 92, -4], "size": [7, 9, 7], "uv": [208, 229]},
						{"origin": [-3, 88, -4], "size": [7, 4, 7], "uv": [90, 213]},
						{"origin": [-1.5, 87, -2.5], "size": [4, 1, 4], "uv": [27, 0]}
					]
				},
				{
					"name": "fringe",
					"parent": "actualhead",
					"pivot": [0, 92, -4],
					"cubes": [
						{"origin": [-3, 93.5, -7.5], "size": [7, 4, 1], "pivot": [8, 90, -12], "rotation": [-35, 0, 0], "uv": [0, 38]}
					]
				},
				{
					"name": "hair",
					"parent": "actualhead",
					"pivot": [-6, 37, 0],
					"cubes": [
						{"origin": [-7, 79, -4], "size": [0, 13, 3], "pivot": [-3, 79, -8], "rotation": [0, 0, 17], "uv": [122, 184]},
						{"origin": [-10, 67, -4.5], "size": [0, 13, 4], "pivot": [-6, 67, -8], "rotation": [0, 0, 14.5], "uv": [140, 139]},
						{"origin": [8, 81, -4], "size": [0, 13, 3], "pivot": [12, 81, -8], "rotation": [0, 0, -17], "uv": [62, 184]},
						{"origin": [-15, 54, -5.5], "size": [0, 14, 6], "pivot": [-11, 54, -9], "rotation": [0, 0, 19.5], "uv": [179, 63]},
						{"origin": [-22, 40, -6.5], "size": [0, 16, 8], "pivot": [-18, 40, -10], "rotation": [0, 0, 27], "uv": [104, 242]},
						{"origin": [-26, 26, -7.5], "size": [0, 17, 10], "pivot": [-22, 26, -11], "rotation": [0, 0, 17], "uv": [20, 143]},
						{"origin": [27, 28, -7.5], "size": [0, 17, 10], "pivot": [31, 28, -11], "rotation": [0, 0, -17], "uv": [0, 143]},
						{"origin": [22.5, 44.5, -6.5], "size": [0, 16, 8], "pivot": [27, 44, -10], "rotation": [0, 0, -27], "uv": [236, 241]},
						{"origin": [15.5, 58, -5.5], "size": [0, 14, 6], "pivot": [20, 58, -9], "rotation": [0, 0, -19.5], "uv": [135, 79]},
						{"origin": [11, 70, -4.5], "size": [0, 13, 4], "pivot": [15, 70, -8], "rotation": [0, 0, -14.5], "uv": [140, 126]}
					]
				},
				{
					"name": "Hairback",
					"parent": "hair",
					"pivot": [-6, 36, -1],
					"cubes": [
						{"origin": [-10.5, 67, 3.5], "size": [0, 23, 10], "pivot": [-6, 67, -1], "rotation": [25, 0, 17], "uv": [128, 177]},
						{"origin": [-15.5, 48, 13], "size": [0, 23, 10], "pivot": [-12, 48, 9], "rotation": [25, 0, 14.5], "uv": [0, 120]},
						{"origin": [11, 70, 3], "size": [0, 23, 10], "pivot": [14, 70, -1], "rotation": [25, 0, -17], "uv": [120, 120]},
						{"origin": [16.5, 53, 13.5], "size": [0, 23, 10], "pivot": [26, 53, 10], "rotation": [27.5, 0, -17], "uv": [20, 120]},
						{"origin": [21.5, 28, 23.5], "size": [0, 28, 10], "pivot": [31, 28, 20], "rotation": [22.41643, -2.11089, -12.46641], "uv": [20, 0]},
						{"origin": [-21.5, 23, 23.5], "size": [0, 28, 10], "pivot": [-12, 23, 20], "rotation": [22.41643, -2.11089, 12.4664], "uv": [0, 0]},
						{"origin": [-6, 74, 12], "size": [13, 21, 0], "pivot": [11, 74, 8], "rotation": [27.5, 0, 0], "uv": [108, 229]},
						{"origin": [-10, 67, 18], "size": [21, 13, 0], "pivot": [15, 67, 14], "rotation": [37.5, 0, 0], "uv": [0, 99]},
						{"origin": [-13, 53, 24], "size": [27, 18, 0], "pivot": [19, 53, 20], "rotation": [25, 0, 0], "uv": [225, 0]},
						{"origin": [-18.5, 30, 33], "size": [38, 27, 0], "pivot": [25, 30, 29], "rotation": [22.42793, 0.27385, -0.52356], "uv": [208, 170]}
					]
				},
				{
					"name": "neck",
					"parent": "Head",
					"pivot": [8, 42, -12]
				},
				{
					"name": "topneck",
					"parent": "neck",
					"pivot": [8, 42, -12],
					"cubes": [
						{"origin": [-1.5, 77, -2.5], "size": [4, 2, 4], "uv": [283, 273]},
						{"origin": [-1, 79, -2], "size": [3, 8, 3], "uv": [0, 69]}
					]
				},
				{
					"name": "midneck",
					"parent": "neck",
					"pivot": [8, 42, -12],
					"cubes": [
						{"origin": [-1.5, 64, -2.5], "size": [4, 2, 4], "uv": [250, 213]},
						{"origin": [-1, 66, -2], "size": [3, 11, 3], "uv": [148, 201]}
					]
				},
				{
					"name": "botneck",
					"parent": "neck",
					"pivot": [8, 42, -12],
					"cubes": [
						{"origin": [-1, 53, -2], "size": [3, 11, 3], "uv": [148, 187]},
						{"origin": [-4, 51, -5], "size": [9, 2, 9], "uv": [135, 69]}
					]
				},
				{
					"name": "Body",
					"parent": "MainBody",
					"pivot": [0, 0, 0],
					"cubes": [
						{"origin": [-7, 47.75, -8], "size": [15, 3, 15], "uv": [135, 87]},
						{"origin": [-9.5, 42, -11.5], "size": [20, 6, 20], "uv": [48, 187]},
						{"origin": [-14, 32, -17], "size": [30, 10, 30], "uv": [120, 130]},
						{"origin": [-19, 15, -22], "size": [40, 17, 40], "uv": [0, 130]},
						{"origin": [-9, 0, -20], "size": [5, 15, 5], "uv": [264, 95]},
						{"origin": [6, 0, -20], "size": [5, 15, 5], "uv": [263, 75]},
						{"origin": [-9, 0, 11], "size": [5, 15, 5], "uv": [257, 18]},
						{"origin": [6, 0, 11], "size": [5, 15, 5], "uv": [261, 150]},
						{"origin": [14, 0, 2], "size": [5, 15, 5], "uv": [256, 115]},
						{"origin": [14, 0, -13], "size": [5, 15, 5], "uv": [252, 249]},
						{"origin": [-17, 0, -13], "size": [5, 15, 5], "uv": [243, 87]},
						{"origin": [-17, 0, 2], "size": [5, 15, 5], "uv": [250, 229]},
						{"origin": [19, 13, -22], "size": [2, 2, 40], "uv": [179, 45]},
						{"origin": [-19, 13, -22], "size": [2, 2, 40], "uv": [135, 43]},
						{"origin": [-17, 13, -22], "size": [36, 2, 2], "uv": [180, 119]},
						{"origin": [-17, 13, 16], "size": [36, 2, 2], "uv": [180, 115]}
					]
				},
				{
					"name": "Dress",
					"parent": "Body",
					"pivot": [0, 0, -5],
					"cubes": [
						{"origin": [-10, 42.5, -12], "size": [21, 7, 21], "pivot": [11, 42, -27], "rotation": [2.5, 0, 0], "uv": [180, 87]},
						{"origin": [-15, 31.5, -18], "size": [32, 11, 32], "pivot": [17, 31, -33], "rotation": [2.5, 0, 0], "uv": [129, 0]},
						{"origin": [-21, 7.5, -24], "size": [43, 26, 43], "pivot": [23, 7, -39], "rotation": [2.5, 0, 0], "uv": [0, 0]},
						{"origin": [-22, 17.75, -25], "size": [45, 16, 45], "pivot": [24, 17, -40], "rotation": [2.5, 0, 0], "uv": [0, 69]},
						{"origin": [-7, 49, -8], "size": [1, 3, 14], "pivot": [-7, 50, -7], "rotation": [7.5, 0, 0], "uv": [78, 229]},
						{"origin": [7, 49, -8], "size": [1, 3, 14], "pivot": [7, 50, -7], "rotation": [7.5, 0, 0], "uv": [48, 229]},
						{"origin": [-6, 49, -8], "size": [13, 3, 1], "pivot": [6, 50, -7], "rotation": [7.5, 0, 0], "uv": [0, 4]},
						{"origin": [-6, 50.75, 5], "size": [13, 3, 1], "pivot": [6, 52, 6], "rotation": [10, 0, 0], "uv": [0, 0]}
					]
				},
				{
					"name": "LeftRocketThing",
					"parent": "Project",
					"pivot": [0, 4, 0],
					"cubes": [
						{"origin": [-49, 21, -7], "size": [12, 90, 12], "uv": [0, 187]},
						{"origin": [-50, 25, -8], "size": [14, 2, 14], "uv": [223, 59]},
						{"origin": [-56, 13, -1], "size": [7, 20, 0], "uv": [222, 265]},
						{"origin": [-43, 13, -14], "size": [0, 20, 7], "uv": [134, 242]},
						{"origin": [-54, 13, -11], "size": [0, 20, 7], "pivot": [-55, 13, -12], "rotation": [0, 42.5, 0], "uv": [76, 239]},
						{"origin": [-38, 13, 5], "size": [0, 20, 7], "pivot": [-39, 13, 4], "rotation": [0, 42.5, 0], "uv": [62, 239]},
						{"origin": [-48, 13, 4], "size": [0, 20, 7], "pivot": [-49, 13, 3], "rotation": [0, -42.5, 0], "uv": [48, 239]},
						{"origin": [-32, 13, -12], "size": [0, 20, 7], "pivot": [-33, 13, -13], "rotation": [0, -42.5, 0], "uv": [222, 238]},
						{"origin": [-43, 13, 5], "size": [0, 20, 7], "uv": [90, 239]},
						{"origin": [-37, 13, -1], "size": [7, 20, 0], "uv": [208, 265]},
						{"origin": [-50, 38, -8], "size": [14, 2, 14], "uv": [223, 43]},
						{"origin": [-50, 50, -8], "size": [14, 2, 14], "uv": [208, 213]},
						{"origin": [-54.5, 51, -1], "size": [5, 2, 0], "pivot": [-51, 51, 0], "rotation": [0, 0, 52.5], "uv": [30, 7]},
						{"origin": [-66.5, 55, -1], "size": [15, 1, 0], "pivot": [-53, 55, 0], "rotation": [0, 0, 52.5], "uv": [0, 9]},
						{"origin": [-50, 68, -8], "size": [14, 2, 14], "uv": [104, 213]},
						{"origin": [-48, 118, -7], "size": [2, 4, 1], "uv": [34, 38]},
						{"origin": [-46, 118, -7], "size": [1, 2, 1], "uv": [28, 89]},
						{"origin": [-46, 118, 4], "size": [1, 2, 1], "uv": [24, 78]},
						{"origin": [-51, 108, -6.8], "size": [9, 6, 1], "pivot": [-43, 108, -6], "rotation": [0, 0, 52.5], "uv": [160, 284]},
						{"origin": [-57, 110, -6.9], "size": [9, 6, 1], "pivot": [-49, 110, -6], "rotation": [0, 0, 90], "uv": [243, 75]},
						{"origin": [-52, 108, 3.8], "size": [9, 6, 1], "pivot": [-44, 108, 5], "rotation": [0, 0, 52.5], "uv": [200, 123]},
						{"origin": [-57, 110, 3.9], "size": [9, 6, 1], "pivot": [-49, 110, 5], "rotation": [0, 0, 90], "uv": [223, 75]},
						{"origin": [-48, 118, 4], "size": [2, 4, 1], "uv": [28, 38]},
						{"origin": [-49, 111, -7], "size": [1, 14, 12], "uv": [193, 57]},
						{"origin": [-39, 110.5, -7], "size": [2, 18, 12], "pivot": [-37, 111, -6], "rotation": [0, 0, -37.5], "uv": [129, 0]}
					]
				},
				{
					"name": "Handthingy",
					"parent": "LeftRocketThing",
					"pivot": [0, 4, 0],
					"cubes": [
						{"origin": [-48.9, 15, -11], "size": [5, 8, 5], "pivot": [-45, 15, -10], "rotation": [-20, 0, 0], "uv": [270, 230]},
						{"origin": [-42.1, 15, -11], "size": [5, 8, 5], "pivot": [-38, 15, -10], "rotation": [-20, 0, 0], "uv": [108, 270]},
						{"origin": [-48.9, 14, 3.5], "size": [5, 8, 5], "pivot": [-45, 14, 4], "rotation": [20, 0, 0], "uv": [143, 267]},
						{"origin": [-52.9, 14, -0.7], "size": [5, 8, 5], "pivot": [-49, 14, -1], "rotation": [0, 0, 20], "uv": [88, 266]},
						{"origin": [-52.9, 14, -6.7], "size": [5, 8, 5], "pivot": [-49, 14, -7], "rotation": [0, 0, 20], "uv": [68, 266]},
						{"origin": [-36.9, 15, -6.7], "size": [5, 8, 5], "pivot": [-33, 15, -7], "rotation": [0, 0, -20], "uv": [236, 265]},
						{"origin": [-36.9, 15, -0.7], "size": [5, 8, 5], "pivot": [-33, 15, -1], "rotation": [0, 0, -20], "uv": [48, 266]},
						{"origin": [-42.1, 14, 3.5], "size": [5, 8, 5], "pivot": [-38, 14, 4], "rotation": [20, 0, 0], "uv": [267, 264]},
						{"origin": [-48.5, 0, -12.75], "size": [4, 7, 4], "uv": [284, 101]},
						{"origin": [-41.5, 0, -12.75], "size": [4, 7, 4], "uv": [284, 90]},
						{"origin": [-48.5, 7, -12.75], "size": [4, 8, 4], "pivot": [-45, 7, -12], "rotation": [-12.5, 0, 0], "uv": [128, 276]},
						{"origin": [-54, 7, -6.25], "size": [4, 8, 4], "pivot": [-51, 7, -6], "rotation": [0, 0, 12.5], "uv": [278, 197]},
						{"origin": [-54, 0, -6.25], "size": [4, 7, 4], "uv": [112, 283]},
						{"origin": [-54, 0, -0.25], "size": [4, 7, 4], "uv": [283, 79]},
						{"origin": [-54, 7, -0.25], "size": [4, 8, 4], "pivot": [-51, 7, 0], "rotation": [0, 0, 12.5], "uv": [268, 277]},
						{"origin": [-34.5, 7, -6.25], "size": [4, 8, 4], "pivot": [-31, 7, -6], "rotation": [0, 0, -12.5], "uv": [277, 14]},
						{"origin": [-34.5, 7, -0.25], "size": [4, 8, 4], "pivot": [-31, 7, 0], "rotation": [0, 0, -12.5], "uv": [277, 26]},
						{"origin": [-34.5, 0, -0.25], "size": [4, 7, 4], "uv": [282, 255]},
						{"origin": [-34.5, 0, -6.25], "size": [4, 7, 4], "uv": [281, 155]},
						{"origin": [-41.5, 7, -12.75], "size": [4, 8, 4], "pivot": [-38, 7, -12], "rotation": [-12.5, 0, 0], "uv": [48, 279]},
						{"origin": [-48.5, 7, 5.75], "size": [4, 8, 4], "pivot": [-45, 7, 7], "rotation": [12.5, 0, 0], "uv": [236, 278]},
						{"origin": [-41.5, 7, 5.75], "size": [4, 8, 4], "pivot": [-38, 7, 7], "rotation": [12.5, 0, 0], "uv": [279, 0]},
						{"origin": [-41.5, 0, 5.75], "size": [4, 7, 4], "uv": [277, 144]},
						{"origin": [-48.5, 0, 5.75], "size": [4, 7, 4], "uv": [281, 68]}
					]
				},
				{
					"name": "RightRocketThing",
					"parent": "Project",
					"pivot": [0, 4, 0],
					"cubes": [
						{"origin": [40, 21, -7], "size": [12, 90, 12], "uv": [160, 170], "mirror": true},
						{"origin": [39, 25, -8], "size": [14, 2, 14], "uv": [48, 213], "mirror": true},
						{"origin": [52, 13, -1], "size": [7, 20, 0], "uv": [264, 197], "mirror": true},
						{"origin": [46, 13, -14], "size": [0, 20, 7], "uv": [208, 238], "mirror": true},
						{"origin": [57, 13, -11], "size": [0, 20, 7], "pivot": [58, 13, -12], "rotation": [0, -42.5, 0], "uv": [236, 222], "mirror": true},
						{"origin": [41, 13, 5], "size": [0, 20, 7], "pivot": [42, 13, 4], "rotation": [0, -42.5, 0], "uv": [134, 222], "mirror": true},
						{"origin": [51, 13, 4], "size": [0, 20, 7], "pivot": [52, 13, 3], "rotation": [0, 42.5, 0], "uv": [108, 180], "mirror": true},
						{"origin": [35, 13, -13], "size": [0, 20, 7], "pivot": [36, 13, -14], "rotation": [0, 42.5, 0], "uv": [48, 180], "mirror": true},
						{"origin": [46, 13, 5], "size": [0, 20, 7], "uv": [28, 62], "mirror": true},
						{"origin": [33, 13, -1], "size": [7, 20, 0], "uv": [120, 250], "mirror": true},
						{"origin": [39, 38, -8], "size": [14, 2, 14], "uv": [210, 139], "mirror": true},
						{"origin": [39, 50, -8], "size": [14, 2, 14], "uv": [210, 123], "mirror": true},
						{"origin": [52.5, 51, -1], "size": [5, 2, 0], "pivot": [54, 51, 0], "rotation": [0, 0, -52.5], "uv": [28, 5], "mirror": true},
						{"origin": [54.5, 55, -1], "size": [15, 1, 0], "pivot": [56, 55, 0], "rotation": [0, 0, -52.5], "uv": [0, 8], "mirror": true},
						{"origin": [39, 68, -8], "size": [14, 2, 14], "uv": [208, 197], "mirror": true},
						{"origin": [49, 118, -7], "size": [2, 4, 1], "uv": [22, 38], "mirror": true},
						{"origin": [48, 118, -7], "size": [1, 2, 1], "uv": [20, 78], "mirror": true},
						{"origin": [48, 118, 4], "size": [1, 2, 1], "uv": [16, 78], "mirror": true},
						{"origin": [46, 108, -6.8], "size": [9, 6, 1], "pivot": [47, 108, -6], "rotation": [0, 0, -52.5], "uv": [180, 123], "mirror": true},
						{"origin": [51, 110, -6.9], "size": [9, 6, 1], "pivot": [52, 110, -6], "rotation": [0, 0, -90], "uv": [155, 105], "mirror": true},
						{"origin": [46, 108, 3.8], "size": [9, 6, 1], "pivot": [47, 108, 5], "rotation": [0, 0, -52.5], "uv": [120, 153], "mirror": true},
						{"origin": [51, 110, 3.9], "size": [9, 6, 1], "pivot": [52, 110, 5], "rotation": [0, 0, -90], "uv": [135, 105], "mirror": true},
						{"origin": [49, 118, 4], "size": [2, 4, 1], "uv": [16, 38], "mirror": true},
						{"origin": [51, 111, -7], "size": [1, 14, 12], "uv": [179, 43], "mirror": true},
						{"origin": [40, 110.5, -7], "size": [2, 18, 12], "pivot": [40, 111, -6], "rotation": [0, 0, 37.5], "uv": [0, 69], "mirror": true}
					]
				},
				{
					"name": "Handthingy2",
					"parent": "RightRocketThing",
					"pivot": [3, 4, 0],
					"cubes": [
						{"origin": [46.9, 15, -11], "size": [5, 8, 5], "pivot": [48, 15, -10], "rotation": [-20, 0, 0], "uv": [265, 217], "mirror": true},
						{"origin": [40.1, 15, -11], "size": [5, 8, 5], "pivot": [41, 15, -10], "rotation": [-20, 0, 0], "uv": [265, 59], "mirror": true},
						{"origin": [46.9, 14, 3.5], "size": [5, 8, 5], "pivot": [48, 14, 4], "rotation": [20, 0, 0], "uv": [265, 38], "mirror": true},
						{"origin": [50.9, 14, -0.7], "size": [5, 8, 5], "pivot": [52, 14, -1], "rotation": [0, 0, -20], "uv": [261, 135], "mirror": true},
						{"origin": [50.9, 14, -6.7], "size": [5, 8, 5], "pivot": [52, 14, -7], "rotation": [0, 0, -20], "uv": [240, 155], "mirror": true},
						{"origin": [34.9, 15, -6.7], "size": [5, 8, 5], "pivot": [36, 15, -7], "rotation": [0, 0, 20], "uv": [64, 229], "mirror": true},
						{"origin": [34.9, 15, -0.7], "size": [5, 8, 5], "pivot": [36, 15, -1], "rotation": [0, 0, 20], "uv": [225, 18], "mirror": true},
						{"origin": [40.1, 14, 3.5], "size": [5, 8, 5], "pivot": [41, 14, 4], "rotation": [20, 0, 0], "uv": [180, 87], "mirror": true},
						{"origin": [47.5, 0, -12.75], "size": [4, 7, 4], "uv": [280, 209], "mirror": true},
						{"origin": [40.5, 0, -12.75], "size": [4, 7, 4], "uv": [191, 280], "mirror": true},
						{"origin": [47.5, 7, -12.75], "size": [4, 8, 4], "pivot": [48, 7, -12], "rotation": [-12.5, 0, 0], "uv": [276, 127], "mirror": true},
						{"origin": [53, 7, -6.25], "size": [4, 8, 4], "pivot": [54, 7, -6], "rotation": [0, 0, -12.5], "uv": [276, 115], "mirror": true},
						{"origin": [53, 0, -6.25], "size": [4, 7, 4], "uv": [144, 280], "mirror": true},
						{"origin": [53, 0, -0.25], "size": [4, 7, 4], "uv": [280, 51], "mirror": true},
						{"origin": [53, 7, -0.25], "size": [4, 8, 4], "pivot": [54, 7, 0], "rotation": [0, 0, -12.5], "uv": [252, 274], "mirror": true},
						{"origin": [33.5, 7, -6.25], "size": [4, 8, 4], "pivot": [34, 7, -6], "rotation": [0, 0, 12.5], "uv": [272, 243], "mirror": true},
						{"origin": [33.5, 7, -0.25], "size": [4, 8, 4], "pivot": [34, 7, 0], "rotation": [0, 0, 12.5], "uv": [179, 272], "mirror": true},
						{"origin": [33.5, 0, -0.25], "size": [4, 7, 4], "uv": [96, 279], "mirror": true},
						{"origin": [33.5, 0, -6.25], "size": [4, 7, 4], "uv": [80, 279], "mirror": true},
						{"origin": [40.5, 7, -12.75], "size": [4, 8, 4], "pivot": [41, 7, -12], "rotation": [-12.5, 0, 0], "uv": [163, 272], "mirror": true},
						{"origin": [47.5, 7, 5.75], "size": [4, 8, 4], "pivot": [48, 7, 7], "rotation": [12.5, 0, 0], "uv": [193, 43], "mirror": true},
						{"origin": [40.5, 7, 5.75], "size": [4, 8, 4], "pivot": [41, 7, 7], "rotation": [12.5, 0, 0], "uv": [145, 0], "mirror": true},
						{"origin": [40.5, 0, 5.75], "size": [4, 7, 4], "uv": [64, 279], "mirror": true},
						{"origin": [47.5, 0, 5.75], "size": [4, 7, 4], "uv": [277, 144], "mirror": true}
					]
				}
			]
		}
	]
}