{
  "format_version": "1.12.0",
  "minecraft:geometry": [
    {
      "description": {
        "identifier": "geometry.tinglu",
        "texture_width": 128,
        "texture_height": 128,
        "visible_bounds_width": 4,
        "visible_bounds_height": 4.5,
        "visible_bounds_offset": [
          0,
          1.75,
          0
        ]
      },
      "bones": [
        {
          "name": "tinglu",
          "pivot": [
            0,
            0,
            0
          ]
        },
        {
          "name": "body",
          "parent": "tinglu",
          "pivot": [
            0.04208,
            22.12561,
            1.88562
          ]
        },
        {
          "name": "torso",
          "parent": "body",
          "pivot": [
            0.04208,
            22.12561,
            1.88562
          ],
          "cubes": [
            {
              "origin": [
                -1,
                28,
                -4
              ],
              "size": [
                2,
                2,
                5
              ],
              "uv": [
                86,
                63
              ]
            },
            {
              "origin": [
                -1,
                28,
                -9
              ],
              "size": [
                2,
                3,
                5
              ],
              "uv": [
                0,
                83
              ]
            },
            {
              "origin": [
                0,
                31,
                -9
              ],
              "size": [
                0,
                2,
                5
              ],
              "uv": [
                0,
                6
              ]
            },
            {
              "origin": [
                -4,
                15,
                1
              ],
              "size": [
                8,
                11,
                10
              ],
              "uv": [
                48,
                17
              ]
            },
            {
              "origin": [
                -1,
                10,
                -9
              ],
              "size": [
                2,
                3,
                5
              ],
              "uv": [
                82,
                46
              ]
            },
            {
              "origin": [
                -1,
                11,
                -4
              ],
              "size": [
                2,
                2,
                5
              ],
              "uv": [
                82,
                84
              ]
            },
            {
              "origin": [
                -1,
                13,
                4
              ],
              "size": [
                2,
                2,
                5
              ],
              "uv": [
                68,
                84
              ]
            },
            {
              "origin": [
                -6,
                13,
                -9
              ],
              "size": [
                12,
                15,
                10
              ],
              "uv": [
                0,
                17
              ]
            }
          ]
        },
        {
          "name": "neck",
          "parent": "torso",
          "pivot": [
            0,
            23.5,
            -9
          ],
          "cubes": [
            {
              "origin": [
                -3,
                19,
                -16
              ],
              "size": [
                6,
                7,
                8
              ],
              "uv": [
                48,
                0
              ]
            }
          ]
        },
        {
          "name": "neck2",
          "parent": "neck",
          "pivot": [
            0,
            23,
            -16
          ],
          "cubes": [
            {
              "origin": [
                -2.5,
                20,
                -24
              ],
              "size": [
                5,
                6,
                8
              ],
              "uv": [
                56,
                43
              ]
            }
          ]
        },
        {
          "name": "head",
          "parent": "neck2",
          "pivot": [
            0,
            23.5,
            -24
          ],
          "cubes": [
            {
              "origin": [
                -2.5,
                24.9,
                -32.3
              ],
              "size": [
                5,
                2,
                5
              ],
              "inflate": 0.004,
              "pivot": [
                0,
                25.4,
                -28.3
              ],
              "rotation": [
                7.5,
                0,
                0
              ],
              "uv": [
                3,
                108
              ]
            },
            {
              "origin": [
                -2.5,
                23.50711,
                -31
              ],
              "size": [
                5,
                3,
                3
              ],
              "inflate": 0.001,
              "pivot": [
                0,
                24.50711,
                -30
              ],
              "rotation": [
                52.5,
                0,
                0
              ],
              "uv": [
                45,
                113
              ]
            },
            {
              "origin": [
                -2.5,
                20,
                -32
              ],
              "size": [
                5,
                6,
                8
              ],
              "uv": [
                36,
                51
              ]
            },
            {
              "origin": [
                0,
                15,
                -32
              ],
              "size": [
                0,
                7,
                8
              ],
              "uv": [
                14,
                114
              ]
            },
            {
              "origin": [
                -1.85489,
                19.76342,
                -35.66588
              ],
              "size": [
                1,
                4,
                5
              ],
              "pivot": [
                -1.35489,
                21.76342,
                -33.66588
              ],
              "rotation": [
                7.61435,
                -9.91358,
                -1.31845
              ],
              "uv": [
                56,
                84
              ]
            },
            {
              "origin": [
                0.85489,
                19.76342,
                -35.66588
              ],
              "size": [
                1,
                4,
                5
              ],
              "pivot": [
                1.35489,
                21.76342,
                -33.66588
              ],
              "rotation": [
                7.61435,
                9.91358,
                1.31845
              ],
              "uv": [
                84,
                23
              ]
            },
            {
              "origin": [
                -1.5,
                19.75606,
                -35.72184
              ],
              "size": [
                3,
                4,
                4
              ],
              "inflate": 0.001,
              "pivot": [
                -0.5,
                21.75606,
                -33.72184
              ],
              "rotation": [
                7.5,
                0,
                0
              ],
              "uv": [
                84,
                0
              ]
            },
            {
              "origin": [
                -1.3,
                19.99928,
                -35.58946
              ],
              "size": [
                1,
                1,
                0
              ],
              "inflate": 0.002,
              "pivot": [
                -0.8,
                20.49928,
                -35.58946
              ],
              "rotation": [
                5.31847,
                -5.29571,
                44.75386
              ],
              "uv": [
                104,
                120
              ]
            },
            {
              "origin": [
                0.3,
                19.99928,
                -35.58946
              ],
              "size": [
                1,
                1,
                0
              ],
              "inflate": 0.002,
              "pivot": [
                0.8,
                20.49928,
                -35.58946
              ],
              "rotation": [
                5.31847,
                5.29571,
                -44.75386
              ],
              "uv": [
                104,
                120
              ],
              "mirror": true
            }
          ]
        },
        {
          "name": "eyelidright",
          "parent": "head",
          "pivot": [
            -1,
            25.20816,
            -30.0923
          ],
          "cubes": [
            {
              "origin": [
                -1.5,
                23.50711,
                -31
              ],
              "size": [
                1,
                3,
                3
              ],
              "inflate": 0.003,
              "pivot": [
                1,
                24.50711,
                -30
              ],
              "rotation": [
                52.5,
                0,
                0
              ],
              "uv": [
                120,
                17
              ]
            }
          ]
        },
        {
          "name": "eyelidleft",
          "parent": "head",
          "pivot": [
            1,
            25.20816,
            -30.0923
          ],
          "cubes": [
            {
              "origin": [
                0.5,
                23.50711,
                -31
              ],
              "size": [
                1,
                3,
                3
              ],
              "inflate": 0.003,
              "pivot": [
                -1,
                24.50711,
                -30
              ],
              "rotation": [
                52.5,
                0,
                0
              ],
              "uv": [
                120,
                17
              ],
              "mirror": true
            }
          ]
        },
        {
          "name": "pupil",
          "parent": "head",
          "pivot": [
            0,
            24.5994,
            -29.99894
          ],
          "cubes": [
            {
              "origin": [
                -2.5,
                23.50711,
                -30.7
              ],
              "size": [
                5,
                1,
                1
              ],
              "inflate": 0.002,
              "pivot": [
                0,
                24.50711,
                -30.7
              ],
              "rotation": [
                52.5,
                0,
                0
              ],
              "uv": [
                47,
                105
              ]
            }
          ]
        },
        {
          "name": "bowl",
          "parent": "head",
          "pivot": [
            0.26889,
            26.10426,
            -30.18919
          ],
          "cubes": [
            {
              "origin": [
                -8,
                26,
                -38
              ],
              "size": [
                16,
                1,
                16
              ],
              "uv": [
                0,
                0
              ]
            },
            {
              "origin": [
                -8,
                27,
                -38
              ],
              "size": [
                2,
                9,
                16
              ],
              "uv": [
                0,
                42
              ]
            },
            {
              "origin": [
                6,
                27,
                -38
              ],
              "size": [
                2,
                9,
                16
              ],
              "uv": [
                28,
                26
              ]
            },
            {
              "origin": [
                2,
                27,
                -24
              ],
              "size": [
                4,
                9,
                2
              ],
              "uv": [
                70,
                57
              ]
            },
            {
              "origin": [
                -6,
                27,
                -24
              ],
              "size": [
                4,
                9,
                2
              ],
              "uv": [
                70,
                57
              ],
              "mirror": true
            },
            {
              "origin": [
                -6,
                27,
                -38
              ],
              "size": [
                4,
                9,
                2
              ],
              "uv": [
                0,
                42
              ]
            },
            {
              "origin": [
                2,
                27,
                -38
              ],
              "size": [
                4,
                9,
                2
              ],
              "uv": [
                0,
                0
              ]
            },
            {
              "origin": [
                -2.2,
                27.1,
                -37.5
              ],
              "size": [
                2,
                2,
                1
              ],
              "pivot": [
                -0.6,
                27.3,
                -37
              ],
              "rotation": [
                0,
                0,
                -45
              ],
              "uv": [
                105,
                20
              ]
            },
            {
              "origin": [
                -2.7,
                33.8,
                -37.5
              ],
              "size": [
                2,
                2,
                1
              ],
              "pivot": [
                -1.1,
                34,
                -37
              ],
              "rotation": [
                0,
                0,
                -45
              ],
              "uv": [
                105,
                20
              ]
            },
            {
              "origin": [
                -3.3,
                29.8,
                -37.5
              ],
              "size": [
                3,
                3,
                1
              ],
              "pivot": [
                -1.7,
                31,
                -37
              ],
              "rotation": [
                0,
                0,
                -45
              ],
              "uv": [
                116,
                50
              ]
            },
            {
              "origin": [
                0.7,
                33.8,
                -37.5
              ],
              "size": [
                2,
                2,
                1
              ],
              "pivot": [
                1.1,
                34,
                -37
              ],
              "rotation": [
                0,
                0,
                45
              ],
              "uv": [
                105,
                20
              ],
              "mirror": true
            },
            {
              "origin": [
                0.7,
                29,
                -37.5
              ],
              "size": [
                3,
                3,
                1
              ],
              "pivot": [
                2.1,
                30.2,
                -37
              ],
              "rotation": [
                0,
                0,
                45
              ],
              "uv": [
                116,
                50
              ],
              "mirror": true
            },
            {
              "origin": [
                0.2,
                27.3,
                -37.5
              ],
              "size": [
                2,
                2,
                1
              ],
              "pivot": [
                0.6,
                27.5,
                -37
              ],
              "rotation": [
                0,
                0,
                45
              ],
              "uv": [
                105,
                20
              ],
              "mirror": true
            },
            {
              "origin": [
                -2.6117,
                31.04454,
                -23.5
              ],
              "size": [
                3,
                3,
                1
              ],
              "pivot": [
                0.14645,
                30.79142,
                -23
              ],
              "rotation": [
                180,
                0,
                -135
              ],
              "uv": [
                116,
                50
              ]
            },
            {
              "origin": [
                -0.06612,
                33.7416,
                -23.5
              ],
              "size": [
                2,
                2,
                1
              ],
              "pivot": [
                0.14645,
                30.79142,
                -23
              ],
              "rotation": [
                180,
                0,
                -135
              ],
              "uv": [
                105,
                20
              ]
            },
            {
              "origin": [
                -1.8481,
                33.53449,
                -23.5
              ],
              "size": [
                2,
                2,
                1
              ],
              "pivot": [
                0.14645,
                30.79142,
                -23
              ],
              "rotation": [
                -180,
                0,
                135
              ],
              "uv": [
                105,
                20
              ],
              "mirror": true
            },
            {
              "origin": [
                0.54602,
                30.55459,
                -23.5
              ],
              "size": [
                3,
                3,
                1
              ],
              "pivot": [
                0.14645,
                30.79142,
                -23
              ],
              "rotation": [
                -180,
                0,
                135
              ],
              "uv": [
                116,
                50
              ],
              "mirror": true
            },
            {
              "origin": [
                -2,
                27,
                -24
              ],
              "size": [
                4,
                2,
                2
              ],
              "pivot": [
                -0.48995,
                28.54142,
                -23.5
              ],
              "rotation": [
                0,
                0,
                0
              ],
              "uv": [
                112,
                94
              ],
              "mirror": true
            },
            {
              "origin": [
                6,
                26,
                -31.5
              ],
              "size": [
                3,
                3,
                3
              ],
              "pivot": [
                9,
                27.5,
                -30
              ],
              "rotation": [
                0,
                0,
                42.5
              ],
              "uv": [
                66,
                68
              ]
            },
            {
              "origin": [
                8,
                26.5,
                -31
              ],
              "size": [
                3,
                2,
                2
              ],
              "pivot": [
                9,
                27.5,
                -30
              ],
              "rotation": [
                0,
                0,
                42.5
              ],
              "uv": [
                26,
                67
              ]
            },
            {
              "origin": [
                -9,
                26,
                -31.5
              ],
              "size": [
                3,
                3,
                3
              ],
              "pivot": [
                -9,
                27.5,
                -30
              ],
              "rotation": [
                0,
                0,
                -42.5
              ],
              "uv": [
                46,
                65
              ]
            },
            {
              "origin": [
                -12,
                26.5,
                -31
              ],
              "size": [
                4,
                2,
                2
              ],
              "pivot": [
                -9,
                27.5,
                -30
              ],
              "rotation": [
                0,
                0,
                -42.5
              ],
              "uv": [
                60,
                38
              ]
            },
            {
              "origin": [
                6.7,
                34.50806,
                -31.48855
              ],
              "size": [
                2,
                5,
                2
              ],
              "pivot": [
                7.66903,
                38.55433,
                -29.7
              ],
              "rotation": [
                -20,
                0,
                7.5
              ],
              "uv": [
                66,
                91
              ]
            },
            {
              "origin": [
                6.7,
                34.50806,
                -30.51145
              ],
              "size": [
                2,
                5,
                2
              ],
              "inflate": 0.001,
              "pivot": [
                7.66903,
                38.55433,
                -30.3
              ],
              "rotation": [
                20,
                0,
                7.5
              ],
              "uv": [
                24,
                91
              ]
            },
            {
              "origin": [
                8.09975,
                40.81226,
                -31
              ],
              "size": [
                2,
                3,
                2
              ],
              "pivot": [
                9.06878,
                43.85853,
                -30.21145
              ],
              "rotation": [
                0,
                0,
                7.5
              ],
              "uv": [
                8,
                11
              ]
            },
            {
              "origin": [
                8.59975,
                43.81226,
                -30.5
              ],
              "size": [
                1,
                4,
                1
              ],
              "pivot": [
                9.06878,
                43.85853,
                -30.21145
              ],
              "rotation": [
                0,
                0,
                7.5
              ],
              "uv": [
                34,
                17
              ]
            },
            {
              "origin": [
                11.12064,
                39.62608,
                -30.5
              ],
              "size": [
                2,
                1,
                1
              ],
              "inflate": 0.001,
              "pivot": [
                7.66903,
                38.55433,
                -29.5
              ],
              "rotation": [
                0,
                0,
                -15
              ],
              "uv": [
                38,
                24
              ]
            },
            {
              "origin": [
                7.12064,
                39.12608,
                -31
              ],
              "size": [
                4,
                2,
                2
              ],
              "inflate": 0.001,
              "pivot": [
                7.66903,
                38.55433,
                -29.5
              ],
              "rotation": [
                0,
                0,
                -15
              ],
              "uv": [
                0,
                53
              ]
            },
            {
              "origin": [
                -9.49975,
                40.81226,
                -30.5
              ],
              "size": [
                1,
                4,
                1
              ],
              "pivot": [
                -8.96878,
                43.85853,
                -30.21145
              ],
              "rotation": [
                0,
                0,
                -7.5
              ],
              "uv": [
                12,
                5
              ]
            },
            {
              "origin": [
                -11.94581,
                40.55612,
                -30.5
              ],
              "size": [
                1,
                4,
                1
              ],
              "pivot": [
                -10.84581,
                42.55612,
                -30
              ],
              "rotation": [
                0,
                0,
                -40
              ],
              "uv": [
                12,
                0
              ]
            },
            {
              "origin": [
                -8.6,
                34.50806,
                -30.51145
              ],
              "size": [
                2,
                5,
                2
              ],
              "inflate": 0.001,
              "pivot": [
                -7.56903,
                38.55433,
                -30.3
              ],
              "rotation": [
                20,
                0,
                -7.5
              ],
              "uv": [
                48,
                0
              ]
            },
            {
              "origin": [
                -8.6,
                34.50806,
                -31.48855
              ],
              "size": [
                2,
                5,
                2
              ],
              "pivot": [
                -7.56903,
                38.55433,
                -29.7
              ],
              "rotation": [
                -20,
                0,
                -7.5
              ],
              "uv": [
                20,
                42
              ]
            },
            {
              "origin": [
                -11.02064,
                39.12608,
                -31
              ],
              "size": [
                4,
                2,
                2
              ],
              "inflate": 0.001,
              "pivot": [
                -7.56903,
                38.55433,
                -29.5
              ],
              "rotation": [
                0,
                0,
                15
              ],
              "uv": [
                48,
                38
              ]
            },
            {
              "origin": [
                4,
                36,
                -37.5
              ],
              "size": [
                1,
                2,
                1
              ],
              "uv": [
                20,
                49
              ]
            },
            {
              "origin": [
                -5,
                36,
                -37.5
              ],
              "size": [
                1,
                2,
                1
              ],
              "uv": [
                12,
                48
              ]
            },
            {
              "origin": [
                4,
                36,
                -23.5
              ],
              "size": [
                1,
                2,
                1
              ],
              "uv": [
                12,
                45
              ]
            },
            {
              "origin": [
                -5,
                36,
                -23.5
              ],
              "size": [
                1,
                2,
                1
              ],
              "uv": [
                12,
                42
              ]
            },
            {
              "origin": [
                -8,
                31.5,
                -38
              ],
              "size": [
                1,
                1,
                1
              ],
              "inflate": 0.001,
              "uv": [
                91,
                110
              ]
            },
            {
              "origin": [
                7,
                31.5,
                -38
              ],
              "size": [
                1,
                1,
                1
              ],
              "inflate": 0.001,
              "uv": [
                91,
                110
              ],
              "mirror": true
            },
            {
              "origin": [
                7,
                31.5,
                -23
              ],
              "size": [
                1,
                1,
                1
              ],
              "inflate": 0.001,
              "uv": [
                91,
                110
              ],
              "mirror": true
            },
            {
              "origin": [
                -8,
                31.5,
                -23
              ],
              "size": [
                1,
                1,
                1
              ],
              "inflate": 0.001,
              "uv": [
                91,
                110
              ]
            }
          ]
        },
        {
          "name": "tail",
          "parent": "torso",
          "pivot": [
            0,
            25,
            11
          ],
          "cubes": [
            {
              "origin": [
                -1,
                24,
                11
              ],
              "size": [
                2,
                2,
                4
              ],
              "uv": [
                12,
                91
              ]
            }
          ]
        },
        {
          "name": "frontlegright",
          "parent": "body",
          "pivot": [
            -6.5,
            19,
            -5.2
          ],
          "cubes": [
            {
              "origin": [
                -10.5,
                20,
                -6.5
              ],
              "size": [
                4,
                2,
                5
              ],
              "uv": [
                20,
                51
              ]
            },
            {
              "origin": [
                -11,
                12,
                -7
              ],
              "size": [
                5,
                8,
                6
              ],
              "uv": [
                78,
                32
              ]
            }
          ]
        },
        {
          "name": "frontlegright2",
          "parent": "frontlegright",
          "pivot": [
            -8.5,
            12,
            -4
          ],
          "cubes": [
            {
              "origin": [
                -10,
                10,
                -6
              ],
              "size": [
                3,
                2,
                4
              ],
              "uv": [
                90,
                8
              ]
            }
          ]
        },
        {
          "name": "frontfootright",
          "parent": "frontlegright2",
          "pivot": [
            -8.5,
            10,
            -4
          ],
          "cubes": [
            {
              "origin": [
                -11,
                0,
                -7
              ],
              "size": [
                5,
                10,
                6
              ],
              "uv": [
                0,
                67
              ]
            },
            {
              "origin": [
                -8.2,
                0,
                -8.6
              ],
              "size": [
                1,
                1,
                2
              ],
              "uv": [
                36,
                56
              ]
            },
            {
              "origin": [
                -9.8,
                0,
                -8.6
              ],
              "size": [
                1,
                1,
                2
              ],
              "uv": [
                55,
                65
              ]
            }
          ]
        },
        {
          "name": "frontlegleft",
          "parent": "body",
          "pivot": [
            6.5,
            19,
            -5.2
          ],
          "cubes": [
            {
              "origin": [
                6.5,
                20,
                -6.5
              ],
              "size": [
                4,
                2,
                5
              ],
              "uv": [
                20,
                51
              ],
              "mirror": true
            },
            {
              "origin": [
                6,
                12,
                -7
              ],
              "size": [
                5,
                8,
                6
              ],
              "uv": [
                78,
                32
              ],
              "mirror": true
            }
          ]
        },
        {
          "name": "frontlegleft2",
          "parent": "frontlegleft",
          "pivot": [
            8.5,
            12,
            -4
          ],
          "cubes": [
            {
              "origin": [
                7,
                10,
                -6
              ],
              "size": [
                3,
                2,
                4
              ],
              "uv": [
                90,
                8
              ],
              "mirror": true
            }
          ]
        },
        {
          "name": "frontfootleft",
          "parent": "frontlegleft2",
          "pivot": [
            8.5,
            10,
            -4
          ],
          "cubes": [
            {
              "origin": [
                6,
                0,
                -7
              ],
              "size": [
                5,
                10,
                6
              ],
              "uv": [
                0,
                67
              ],
              "mirror": true
            },
            {
              "origin": [
                7.2,
                0,
                -8.6
              ],
              "size": [
                1,
                1,
                2
              ],
              "uv": [
                36,
                56
              ],
              "mirror": true
            },
            {
              "origin": [
                8.8,
                0,
                -8.6
              ],
              "size": [
                1,
                1,
                2
              ],
              "uv": [
                55,
                65
              ],
              "mirror": true
            }
          ]
        },
        {
          "name": "backlegright",
          "parent": "body",
          "pivot": [
            -4,
            18.97395,
            7.17346
          ],
          "cubes": [
            {
              "origin": [
                -7.5,
                19.5,
                4.5
              ],
              "size": [
                3,
                2,
                5
              ],
              "uv": [
                68,
                0
              ]
            },
            {
              "origin": [
                -8,
                12,
                4
              ],
              "size": [
                4,
                8,
                6
              ],
              "uv": [
                36,
                81
              ]
            }
          ]
        },
        {
          "name": "backlegright2",
          "parent": "backlegright",
          "pivot": [
            -6.2,
            12.26353,
            7.24284
          ],
          "cubes": [
            {
              "origin": [
                -7,
                9,
                6
              ],
              "size": [
                2,
                4,
                4
              ],
              "pivot": [
                -6.5,
                11,
                8
              ],
              "rotation": [
                17.5,
                0,
                0
              ],
              "uv": [
                0,
                91
              ]
            }
          ]
        },
        {
          "name": "backfootright",
          "parent": "backlegright2",
          "pivot": [
            -6,
            10,
            8.5
          ],
          "cubes": [
            {
              "origin": [
                -8,
                0,
                5
              ],
              "size": [
                4,
                10,
                6
              ],
              "uv": [
                72,
                68
              ]
            },
            {
              "origin": [
                -7,
                7.6,
                8.8
              ],
              "size": [
                2,
                2,
                3
              ],
              "pivot": [
                -6.5,
                10.6,
                9.8
              ],
              "rotation": [
                37.5,
                0,
                0
              ],
              "uv": [
                33,
                51
              ]
            },
            {
              "origin": [
                -5.7,
                0,
                3.4
              ],
              "size": [
                1,
                1,
                2
              ],
              "inflate": 0.001,
              "uv": [
                10,
                51
              ]
            },
            {
              "origin": [
                -7.3,
                0,
                3.4
              ],
              "size": [
                1,
                1,
                2
              ],
              "inflate": 0.001,
              "uv": [
                48,
                24
              ]
            }
          ]
        },
        {
          "name": "backlegleft",
          "parent": "body",
          "pivot": [
            4,
            18.97395,
            7.17346
          ],
          "cubes": [
            {
              "origin": [
                4.5,
                19.5,
                4.5
              ],
              "size": [
                3,
                2,
                5
              ],
              "uv": [
                68,
                0
              ],
              "mirror": true
            },
            {
              "origin": [
                4,
                12,
                4
              ],
              "size": [
                4,
                8,
                6
              ],
              "uv": [
                36,
                81
              ],
              "mirror": true
            }
          ]
        },
        {
          "name": "backlegleft2",
          "parent": "backlegleft",
          "pivot": [
            6.2,
            12.26353,
            7.24284
          ],
          "cubes": [
            {
              "origin": [
                5,
                9,
                6
              ],
              "size": [
                2,
                4,
                4
              ],
              "pivot": [
                6.5,
                11,
                8
              ],
              "rotation": [
                17.5,
                0,
                0
              ],
              "uv": [
                0,
                91
              ],
              "mirror": true
            }
          ]
        },
        {
          "name": "backfootleft",
          "parent": "backlegleft2",
          "pivot": [
            6,
            10,
            8.5
          ],
          "cubes": [
            {
              "origin": [
                4,
                0,
                5
              ],
              "size": [
                4,
                10,
                6
              ],
              "uv": [
                72,
                68
              ],
              "mirror": true
            },
            {
              "origin": [
                5,
                7.6,
                8.8
              ],
              "size": [
                2,
                2,
                3
              ],
              "pivot": [
                6.5,
                10.6,
                9.8
              ],
              "rotation": [
                37.5,
                0,
                0
              ],
              "uv": [
                33,
                51
              ],
              "mirror": true
            },
            {
              "origin": [
                4.7,
                0,
                3.4
              ],
              "size": [
                1,
                1,
                2
              ],
              "inflate": 0.001,
              "uv": [
                10,
                51
              ],
              "mirror": true
            },
            {
              "origin": [
                6.3,
                0,
                3.4
              ],
              "size": [
                1,
                1,
                2
              ],
              "inflate": 0.001,
              "uv": [
                48,
                24
              ],
              "mirror": true
            }
          ]
        }
      ]
    }
  ]
}