{
	"format_version": "1.8.0",
	"animations": {
		"animation.celesteela.ground_idle": {
			"loop": true,
			"animation_length": 6,
			"bones": {
				"Head": {
					"relative_to": {
						"rotation": "entity"
					},
					"rotation": {
						"0.0": [0, 0, 0.01],
						"0.5": [7.5, 0, 0],
						"2.8333": [12, -8, 0],
						"4.25": [6, 0, 0],
						"5.5833": [0, 0, 0.01]
					}
				},
				"LeftRocketThing": {
					"relative_to": {
						"rotation": "entity"
					},
					"rotation": {
						"0.0": [0, 0, 0.01],
						"0.5": [-5, 0, 0],
						"1.0": [-5, 0, 0],
						"1.5": [-5, 0, 0],
						"2.0": [0, 0, 0.01],
						"2.8333": [5, 0, 0],
						"3.75": [5, 0, 0],
						"5.0": [5, 0, 0],
						"6.0": [0, 0, 0.01]
					},
					"position": {
						"0.0": [0, 0, 0],
						"0.5": [0, 2, 2],
						"1.0": [0, 4, 4],
						"1.5": [0, 6, 6],
						"2.0": [0, 3, 6],
						"2.8333": [0, 0, 6],
						"3.75": [0, 0, 4],
						"5.0": [0, 0, 2],
						"6.0": [0, 0, 0]
					}
				},
				"Handthingy": {
					"position": [0, 0, 0]
				},
				"RightRocketThing": {
					"relative_to": {
						"rotation": "entity"
					},
					"rotation": {
						"0.0": [0, 0, 0.01],
						"0.5": [5, 0, 0],
						"1.0": [5, 0, 0],
						"1.5": [5, 0, 0],
						"2.0": [0, 0, 0.01],
						"2.8333": [-5, 0, 0],
						"3.75": [-5, 0, 0],
						"5.0": [-5, 0, 0],
						"6.0": [0, 0, 0.01]
					},
					"position": {
						"0.0": [0, 0, 0],
						"0.5": [0, 2, -2],
						"1.0": [0, 4, -2],
						"1.5": [0, 4, 0],
						"2.0": [0, 4, 2],
						"2.8333": [0, 2, 5],
						"3.75": [0, 0, 5],
						"5.0": [0, 0, 3],
						"6.0": [0, 0, 1]
					}
				},
				"MainBody": {
					"rotation": {
						"0.0": [0, 0, 0],
						"1.0": [4, 8, 0],
						"2.0": [6, 0, 0],
						"3.0": [4, -8, 0],
						"4.0": [0, 0, 0],
						"5.0": [-4, 0, 0],
						"6.0": [0, 0, 0]
					},
					"position": {
						"0.0": [0, 0, 0],
						"2.0": [0, 8, 0],
						"3.0": [0, 8, 0],
						"4.0": [0, 4, 0],
						"5.0": [0, 0, 0],
						"6.0": [0, 0, 0]
					}
				}
			}
		},
		"animation.celesteela.sleep": {
			"loop": true,
			"animation_length": 4,
			"bones": {
				"Head": {
					"rotation": {
						"0.0": [2.5, 0, -2.5],
						"2.0": [7.5, 0, -2.5],
						"3.9583": [2.5, 0, -2.5]
					},
					"position": [0, -1, 0]
				},
				"neck": {
					"rotation": [15, 0, 0],
					"position": [0, -3, 0]
				},
				"Dress": {
					"rotation": [0, 0, 0],
					"position": {
						"0.0": [0, 0, 0],
						"2.0": [0, 1, 0],
						"4.0": [0, 0, 0]
					}
				},
				"LeftRocketThing": {
					"rotation": [0, 0, 40],
					"position": [-40, -20, 2]
				},
				"RightRocketThing": {
					"rotation": [0, 0, -35],
					"position": {
						"0.0": [29, -24, 2],
						"0.5417": [29, -24, 2]
					}
				},
				"actualhead": {
					"rotation": {
						"0.0": [17.5, 0, 0],
						"1.2917": [23.85, 0, 0],
						"2.7917": [17.5, 0, 0],
						"3.7917": [17.5, 0, 0]
					},
					"position": {
						"0.0": [0, -4, -12],
						"1.2917": [0, -3, -12],
						"3.7917": [0, -4, -12]
					}
				}
			}
		},
		"animation.celesteela.cry": {
			"loop": "hold_on_last_frame",
			"animation_length": 1,
			"bones": {
				"fringe": {
					"rotation": {
						"0.0": [0, 0, 0],
						"0.5": [-10, 0, 0],
						"1.0": [0, 0, 0]
					},
					"position": {
						"0.0": [0, 0, 0],
						"0.5": [0, 1, -2],
						"1.0": [0, 0, 0]
					}
				},
				"LeftRocketThing": {
					"rotation": {
						"0.0": [15, 0, 10],
						"0.25": [22, -85, 15],
						"0.5": [45, -180, 20],
						"0.75": [22, -270, 15],
						"1.0": [0, -357.5, 0]
					},
					"position": {
						"0.0": [0, 0, 0],
						"0.25": [0, 20, 0],
						"0.5": [0, 40, 0],
						"0.75": [0, 20, 0],
						"1.0": [0, 0, 0]
					}
				},
				"RightRocketThing": {
					"rotation": {
						"0.0": [-15, 0, 10],
						"0.25": [-22, -85, 15],
						"0.5": [-45, -180, 20],
						"0.75": [-22, -270, 15],
						"1.0": [0, -357.5, 0]
					},
					"position": {
						"0.0": [0, 0, 0],
						"0.25": [0, 20, 0],
						"0.5": [0, 40, 0],
						"0.75": [0, 20, 0],
						"1.0": [0, 0, 0]
					}
				},
				"actualhead": {
					"rotation": {
						"0.0": [0, 0, 0],
						"0.25": [-7.5, 2.5, 0],
						"0.5": [-12.38189, 3.03866, 2.44414],
						"0.75": [0, 0, 0]
					},
					"position": {
						"0.0": [0, 0, 0],
						"0.25": [0, 0, 0],
						"0.5": [0, 0, 1],
						"0.75": [0, 0, 0]
					}
				},
				"MainBody": {
					"rotation": {
						"0.0": [0, 0, 0],
						"0.25": [0, 0, 6],
						"0.5": [0, 0, 0],
						"0.75": [0, 0, -6],
						"1.0": [0, 0, 0]
					},
					"position": {
						"0.0": [0, 0, 0],
						"0.25": [0, 5, 0],
						"0.5": [0, 10, 0],
						"0.75": [0, 5, 0],
						"1.0": [0, 0, 0]
					}
				}
			},
			"sound_effects": {
				"0.0": {
					"effect": "pokemon.celesteela.cry"
				}
			}
		},
		"animation.celesteela.ground_walk": {
			"loop": true,
			"animation_length": 4,
			"bones": {
				"LeftRocketThing": {
					"rotation": {
						"0.0": [15, 0, 10],
						"1.0": [17.5, 0, 10],
						"2.0": [22.5, 0, 10],
						"3.0": [22.5, 0, 10],
						"4.0": [15, 0, 10]
					},
					"position": {
						"0.0": [0, 4, 16],
						"1.0": [0, 6, 16],
						"2.0": [0, 8, 16],
						"3.0": [0, 6, 16],
						"4.0": [0, 4, 16]
					}
				},
				"RightRocketThing": {
					"rotation": {
						"0.0": [15, 0, -10],
						"1.0": [17.5, 0, -10],
						"2.0": [22.5, 0, -10],
						"3.0": [22.5, 0, -10],
						"4.0": [15, 0, -10]
					},
					"position": {
						"0.0": [0, 4, 16],
						"1.0": [0, 6, 16],
						"2.0": [0, 8, 16],
						"3.0": [0, 6, 16],
						"4.0": [0, 4, 16]
					}
				},
				"MainBody": {
					"rotation": {
						"0.0": [20, 0, 0],
						"0.9167": [17.5, 0, 0],
						"1.9167": [15, 0, 0],
						"2.9167": [22.5, 0, 0],
						"4.0": [20, 0, 0]
					},
					"position": {
						"0.0": [0, 6, 0],
						"0.9167": [0, 8, 0],
						"1.9167": [0, 10, 0],
						"2.9167": [0, 8, 0],
						"4.0": [0, 6, 0]
					}
				}
			}
		},
		"animation.celesteela.faint": {
			"loop": "hold_on_last_frame",
			"animation_length": 3,
			"bones": {
				"LeftRocketThing": {
					"rotation": {
						"0.0": [0, 0, 0],
						"0.3333": [-9.96271, 0.86717, 14.92442],
						"0.4583": [-70.43226, 39.22214, 27.35359]
					},
					"position": {
						"0.0": [0, 0, 0],
						"0.3333": [0, 13, 24],
						"0.4583": [-33, -6, 3]
					}
				},
				"RightRocketThing": {
					"rotation": {
						"0.3333": [170, -180, -185],
						"0.4583": [108.6439, -150.2826, -189.30963]
					},
					"position": {
						"0.0": [0, 0, 0],
						"0.3333": [-6, 17, 7],
						"0.4583": [8, -1, 11]
					}
				},
				"MainBody": {
					"rotation": {
						"0.0": [0, 0, 0],
						"0.2083": [0, -115, 0],
						"0.375": [0, -302.5, 0],
						"0.5417": [-80.66848, -364.28511, -5.70021]
					},
					"position": {
						"0.0": [0, 0, 0],
						"0.3333": [0, 37, 0],
						"0.5417": [0, 17, -21]
					}
				},
				"Head": {
					"rotation": {
						"0.0": [0, 0, 0],
						"0.5": [-15, 0, 0]
					},
					"position": [0, 0, 1]
				},
				"actualhead": {
					"rotation": [17.5, 0, 0]
				}
			},
			"sound_effects": {
				"0.4583": {
					"effect": "pokemon.celesteela_funfaint"
				}
			}
		},
		"animation.celesteela.air_fly": {
			"loop": true,
			"animation_length": 4,
			"bones": {
				"Head": {
					"rotation": [5, 0, 0],
					"position": [0, -1, -1]
				},
				"LeftRocketThing": {
					"rotation": {
						"0.0": [90, -7.5, 0],
						"1.0": [87.5, -7.5, 0],
						"3.0": [92.5, -7.5, 0],
						"4.0": [90, -7.5, 0]
					},
					"position": {
						"0.0": [0, 25, 75],
						"2.0": [0, 35, 75],
						"4.0": [0, 25, 75]
					}
				},
				"RightRocketThing": {
					"rotation": {
						"0.0": [90, 7.5, 0],
						"1.0": [87.5, 7.5, 0],
						"3.0": [85.5, 7.5, 0],
						"4.0": [90, 7.5, 0]
					},
					"position": {
						"0.0": [0, 25, 75],
						"2.0": [0, 35, 75],
						"4.0": [0, 25, 75]
					}
				},
				"actualhead": {
					"rotation": [-25, 0, 0],
					"position": [0, -1, 0]
				},
				"MainBody": {
					"rotation": {
						"0.0": [72.5, 0, 0],
						"1.0": [74.98635, 2.41476, -0.64743],
						"2.0": [77.5, 0, 0],
						"3.0": [74.98635, -2.41476, 0.64743],
						"4.0": [72.5, 0, 0]
					},
					"position": {
						"0.0": [0, 22, 42],
						"2.0": [0, 32, 42],
						"4.0": [0, 22, 42]
					}
				},
				"Project": {
					"position": [0, 31, 0]
				}
			}
		},
		"animation.celesteela.physical": {
			"animation_length": 1.5,
			"bones": {
				"MainBody": {
					"rotation": {
						"0.0": [0, 0, 0],
						"0.5": [-15, 0, 0],
						"0.75": [17.5, 0, 0],
						"1.2083": [0, 0, 0],
						"1.5": [0, 0, 0]
					},
					"position": {
						"0.0": [0, 0, 0],
						"0.5": [0, 9, 0],
						"0.75": [0, 4, 0],
						"1.2083": [0, 4, 0],
						"1.5": [0, 0, 0]
					}
				},
				"actualhead": {
					"rotation": {
						"0.0": [0, 0, 0],
						"0.6667": [12.5, 0, 0],
						"1.5": [0, 0, 0]
					},
					"position": {
						"0.0": [0, 0, 0],
						"0.6667": [0, 0, 0],
						"1.5": [0, 0, 0]
					}
				},
				"fringe": {
					"rotation": {
						"0.0": [0, 0, 0],
						"0.5417": [-40.1027, -4.09405, 2.87277],
						"0.9167": [-5.1, -4.09, 2.87],
						"1.5": [0, 0, 0]
					}
				},
				"LeftRocketThing": {
					"rotation": {
						"0.0": [0, 0, 0],
						"0.5": [-136.32977, -35.63104, 19.52546],
						"0.6667": [-73.83, -35.63, 19.53],
						"1.0": [-73.83, -35.63, 19.53],
						"1.5": [0, 0, 0]
					},
					"position": {
						"0.0": [0, 0, 0],
						"0.5": [28, 122, -55],
						"0.6667": [28, -13, -55],
						"1.0": [28, 1, -40],
						"1.5": [0, 0, 0]
					}
				},
				"RightRocketThing": {
					"rotation": {
						"0.0": [0, 0, 0],
						"0.5": [-136.32977, 35.631, -19.5255],
						"0.625": [-56.33, 35.63, -19.53],
						"1.0": [-56.33, 35.63, -19.53],
						"1.5": [0, 0, 0]
					},
					"position": {
						"0.0": [0, 0, 0],
						"0.5": [-25, 122, -55],
						"0.625": [-17, -13, -55],
						"1.0": [-17, 1, -38],
						"1.5": [0, 0, 0]
					}
				}
			}
		},
		"animation.celesteela.special": {
			"animation_length": 1.2917,
			"bones": {
				"MainBody": {
					"rotation": {
						"0.0": [0, 0, 0],
						"0.4583": [10, 0, 0],
						"0.6667": [-10, 0, 0],
						"1.1667": [0, 0, 0]
					},
					"position": {
						"0.0": [0, 0, 0],
						"0.4583": [0, 10, 0],
						"0.6667": [0, 10, 7],
						"1.1667": [0, 0, 0]
					}
				},
				"actualhead": {
					"rotation": {
						"0.0": [0, 0, 0],
						"0.5": [15, 0, 0],
						"1.2917": [0, 0, 0]
					}
				},
				"LeftRocketThing": {
					"rotation": {
						"0.0": [0, 0, 0],
						"0.25": [-62.33509, -8.78819, -7.46775],
						"0.4583": [-61.88021, -13.20798, -9.84999],
						"0.5833": [-99.84, -8.79, -7.47],
						"0.9167": [-64.84, -8.79, -7.47],
						"1.125": [0, 0, 0]
					},
					"position": {
						"0.0": [0, 0, 0],
						"0.25": [10, 56, -38],
						"0.4583": [10, 56, -38],
						"0.5833": [10, 88, -4],
						"0.9167": [10, 88, -14],
						"1.125": [0, 0, 0]
					}
				},
				"RightRocketThing": {
					"rotation": {
						"0.0": [0, 0, 0],
						"0.25": [-65.89713, 21.16963, 6.876],
						"0.4583": [-66.58651, 16.59281, 4.74761],
						"0.5833": [-100.17463, -3.42181, 11.47189],
						"0.9167": [-65.17463, -3.42181, 11.47189],
						"1.2083": [0, 0, 0]
					},
					"position": {
						"0.0": [0, 0, 0],
						"0.25": [-11, 56, -38],
						"0.4583": [-11, 56, -38],
						"0.5833": [10, 88, -4],
						"0.9167": [10, 88, -13],
						"1.2083": [0, 0, 0]
					}
				}
			}
		},
		"animation.celesteela.status": {
			"animation_length": 1,
			"bones": {
				"MainBody": {
					"rotation": {
						"0.0": [0, 0, 0],
						"0.25": [2.5, 0, 0],
						"0.375": [-2.5095, -0.21782, 4.99527],
						"0.7917": [0, 0, 0]
					},
					"position": {
						"0.0": [0, 0, 0],
						"0.25": [0, 6, 0],
						"0.375": [0, 6, 0],
						"0.7917": [0, 0, 0]
					}
				},
				"actualhead": {
					"rotation": {
						"0.0": [0, 0, 0],
						"0.375": [0, 0, -10],
						"0.7917": [0, 0, 0]
					}
				},
				"LeftRocketThing": {
					"rotation": {
						"0.0": [0, 0, 0],
						"0.25": [-29.16696, -60.17283, -31.76486],
						"0.375": [-93.03423, 30.97393, 34.0679],
						"1.0": [0, 0, 0]
					},
					"position": {
						"0.0": [0, 0, 0],
						"0.25": [54, 29, -17],
						"0.375": [-45, 61, -77],
						"1.0": [0, 0, 0]
					}
				},
				"RightRocketThing": {
					"rotation": {
						"0.0": [0, 0, 0],
						"0.25": [18.25964, 41.78797, -26.26427],
						"0.5417": [12.77133, 31.05056, -36.3701],
						"0.8333": [0, 0, 0]
					},
					"position": {
						"0.0": [0, 0, 0],
						"0.25": [27, -1, 26],
						"0.5417": [34, -11, 26],
						"0.8333": [0, 0, 0]
					}
				}
			}
		},
		"animation.celesteela.recoil": {
			"animation_length": 0.75,
			"bones": {
				"MainBody": {
					"rotation": {
						"0.0": [0, 0, 0],
						"0.1667": [-10, 0, 0],
						"0.4167": [7.5, 0, 0],
						"0.75": [0, 0, 0]
					},
					"position": {
						"0.0": [0, 0, 0],
						"0.1667": [0, 4, 14],
						"0.4167": [0, 4, 21],
						"0.75": [0, 0, 0]
					}
				},
				"Head": {
					"rotation": {
						"0.0": [0, 0, 0],
						"0.1667": [12.5, 0, 0],
						"0.75": [0, 0, 0]
					},
					"position": {
						"0.0": [0, 0, 0],
						"0.1667": [0, -1, -2],
						"0.75": [0, 0, 0]
					}
				},
				"actualhead": {
					"rotation": {
						"0.0": [0, 0, 0],
						"0.1667": [7.5, 0, 0],
						"0.75": [0, 0, 0]
					},
					"position": {
						"0.0": [0, 0, 0],
						"0.1667": [0, -1, 4],
						"0.75": [0, 0, 0]
					}
				},
				"LeftRocketThing": {
					"rotation": {
						"0.0": [0, 0, 0],
						"0.1667": [-14.9905, 0.21782, 29.99527],
						"0.4167": [-6.8259, -4.46098, 13.05617],
						"0.75": [0, 0, 0]
					},
					"position": {
						"0.0": [0, 0, 0],
						"0.1667": [0, -10, -20],
						"0.4167": [0, -10, -20],
						"0.75": [0, 0, 0]
					}
				},
				"RightRocketThing": {
					"rotation": {
						"0.0": [0, 0, 0],
						"0.1667": [28.96753, -30.78741, 4.15818],
						"0.4167": [14.2445, -16.62955, -0.66445],
						"0.75": [0, 0, 0]
					},
					"position": {
						"0.0": [0, 0, 0],
						"0.1667": [-24, 0, 32],
						"0.4167": [-15, 0, 32],
						"0.75": [0, 0, 0]
					}
				}
			}
		}
	}
}