{
  "format_version": "1.12.0",
  "minecraft:geometry": [
    {
      "description": {
        "identifier": "geometry.wochien",
        "texture_width": 128,
        "texture_height": 128,
        "visible_bounds_width": 5,
        "visible_bounds_height": 4.5,
        "visible_bounds_offset": [
          0,
          1.75,
          0
        ]
      },
      "bones": [
        {
          "name": "wochien",
          "pivot": [
            0,
            0,
            0
          ],
          "cubes": [
            {
              "origin": [
                -8.41765,
                8.93746,
                2.0647
              ],
              "size": [
                3,
                2,
                0
              ],
              "inflate": 0.001,
              "pivot": [
                -6.91765,
                9.93746,
                2.0647
              ],
              "rotation": [
                -26.27408,
                39.40865,
                -2.40119
              ],
              "uv": [
                0,
                44
              ]
            },
            {
              "origin": [
                -8.41765,
                6.93746,
                2.0647
              ],
              "size": [
                3,
                2,
                0
              ],
              "inflate": 0.001,
              "pivot": [
                -6.91765,
                7.93746,
                2.0647
              ],
              "rotation": [
                -26.27408,
                39.40865,
                -2.40119
              ],
              "uv": [
                18,
                20
              ]
            }
          ]
        },
        {
          "name": "torso",
          "parent": "wochien",
          "pivot": [
            0,
            3.22091,
            0.5
          ],
          "cubes": [
            {
              "origin": [
                -7,
                0,
                -14
              ],
              "size": [
                14,
                5,
                28
              ],
              "uv": [
                0,
                0
              ]
            }
          ]
        },
        {
          "name": "uppertorso",
          "parent": "torso",
          "pivot": [
            0,
            5,
            -7.5
          ],
          "cubes": [
            {
              "origin": [
                -6,
                4,
                -13
              ],
              "size": [
                12,
                10,
                11
              ],
              "uv": [
                41,
                46
              ]
            }
          ]
        },
        {
          "name": "upperbottomfrontleaf",
          "parent": "uppertorso",
          "pivot": [
            0,
            13.86632,
            -13.03145
          ],
          "cubes": [
            {
              "origin": [
                -5,
                10.26632,
                -13.73145
              ],
              "size": [
                3,
                3,
                0
              ],
              "inflate": 0.001,
              "pivot": [
                -4,
                11.26632,
                -13.73145
              ],
              "rotation": [
                -10.72858,
                -10.54529,
                -44.00703
              ],
              "uv": [
                66,
                67
              ]
            },
            {
              "origin": [
                -2.999,
                10.899,
                -12.999
              ],
              "size": [
                2,
                3,
                0
              ],
              "inflate": 0.001,
              "pivot": [
                -4.499,
                13.999,
                -12.999
              ],
              "rotation": [
                -20,
                0,
                0
              ],
              "uv": [
                74,
                25
              ]
            },
            {
              "origin": [
                0.999,
                10.899,
                -12.999
              ],
              "size": [
                2,
                3,
                0
              ],
              "inflate": 0.001,
              "pivot": [
                4.499,
                13.999,
                -12.999
              ],
              "rotation": [
                -20,
                0,
                0
              ],
              "uv": [
                26,
                74
              ]
            },
            {
              "origin": [
                2,
                10.26632,
                -13.73145
              ],
              "size": [
                3,
                3,
                0
              ],
              "inflate": 0.001,
              "pivot": [
                4,
                11.26632,
                -13.73145
              ],
              "rotation": [
                -10.72858,
                10.54529,
                44.00703
              ],
              "uv": [
                0,
                68
              ]
            },
            {
              "origin": [
                -2,
                9.76632,
                -13.73145
              ],
              "size": [
                3,
                3,
                0
              ],
              "pivot": [
                0,
                10.76632,
                -13.73145
              ],
              "rotation": [
                -10.72858,
                10.54529,
                44.00703
              ],
              "uv": [
                60,
                67
              ]
            }
          ]
        },
        {
          "name": "bottomfrontleaf",
          "parent": "uppertorso",
          "pivot": [
            0,
            11.66632,
            -13.03145
          ],
          "cubes": [
            {
              "origin": [
                1,
                6.26632,
                -13.33145
              ],
              "size": [
                3,
                3,
                0
              ],
              "inflate": 0.002,
              "pivot": [
                0,
                10.26632,
                -13.33145
              ],
              "rotation": [
                -10.72858,
                10.54529,
                44.00703
              ],
              "uv": [
                6,
                68
              ]
            },
            {
              "origin": [
                -3.7,
                8.86632,
                -13.33145
              ],
              "size": [
                3,
                2,
                0
              ],
              "inflate": 0.001,
              "pivot": [
                0,
                10.26632,
                -13.33145
              ],
              "rotation": [
                -13.06431,
                -7.43547,
                -29.14743
              ],
              "uv": [
                60,
                72
              ]
            },
            {
              "origin": [
                -1,
                8.26632,
                -13.33145
              ],
              "size": [
                3,
                3,
                0
              ],
              "inflate": 0.003,
              "pivot": [
                0,
                10.26632,
                -13.33145
              ],
              "rotation": [
                -10.72858,
                10.54529,
                44.00703
              ],
              "uv": [
                48,
                67
              ]
            },
            {
              "origin": [
                0.7,
                8.86632,
                -13.33145
              ],
              "size": [
                3,
                2,
                0
              ],
              "inflate": 0.001,
              "pivot": [
                0,
                10.26632,
                -13.33145
              ],
              "rotation": [
                -13.06431,
                7.43547,
                29.14743
              ],
              "uv": [
                66,
                72
              ]
            }
          ]
        },
        {
          "name": "bottomleafright",
          "parent": "uppertorso",
          "pivot": [
            -5.9595,
            14.03677,
            -8.06735
          ],
          "cubes": [
            {
              "origin": [
                -9.38638,
                12.27584,
                -7.96333
              ],
              "size": [
                3,
                2,
                0
              ],
              "inflate": 0.001,
              "pivot": [
                -6.6595,
                11.93677,
                -8.06735
              ],
              "rotation": [
                -90,
                60,
                -75
              ],
              "uv": [
                36,
                70
              ]
            },
            {
              "origin": [
                -9.16615,
                9.43012,
                -7.96333
              ],
              "size": [
                3,
                3,
                0
              ],
              "inflate": 0.002,
              "pivot": [
                -6.6595,
                11.93677,
                -8.06735
              ],
              "rotation": [
                -90,
                45,
                -75
              ],
              "uv": [
                33,
                57
              ]
            },
            {
              "origin": [
                -7.28669,
                7.06694,
                -2.10761
              ],
              "size": [
                3,
                3,
                0
              ],
              "inflate": 0.001,
              "pivot": [
                -6.6595,
                11.93677,
                -2.66735
              ],
              "rotation": [
                -90,
                45,
                -75
              ],
              "uv": [
                57,
                43
              ]
            },
            {
              "origin": [
                -9.38638,
                8.27584,
                -5.96333
              ],
              "size": [
                3,
                2,
                0
              ],
              "inflate": 0.001,
              "pivot": [
                -6.6595,
                7.93677,
                -6.06735
              ],
              "rotation": [
                -90,
                60,
                -75
              ],
              "uv": [
                24,
                70
              ]
            },
            {
              "origin": [
                -8.37107,
                6.73657,
                -6.5148
              ],
              "size": [
                2,
                3,
                0
              ],
              "inflate": 0.001,
              "pivot": [
                -6.6595,
                11.93677,
                -8.06735
              ],
              "rotation": [
                90,
                82.5,
                110
              ],
              "uv": [
                0,
                57
              ]
            },
            {
              "origin": [
                -6.94793,
                6.73657,
                -6.5148
              ],
              "size": [
                2,
                3,
                0
              ],
              "inflate": 0.001,
              "pivot": [
                -6.6595,
                11.93677,
                -8.06735
              ],
              "rotation": [
                -90,
                82.5,
                -70
              ],
              "uv": [
                8,
                40
              ]
            },
            {
              "origin": [
                -7.28669,
                7.06694,
                -6.90761
              ],
              "size": [
                3,
                3,
                0
              ],
              "inflate": 0.001,
              "pivot": [
                -6.6595,
                11.93677,
                -7.46735
              ],
              "rotation": [
                -90,
                45,
                -75
              ],
              "uv": [
                56,
                25
              ]
            },
            {
              "origin": [
                -6.93261,
                12.27584,
                -7.96333
              ],
              "size": [
                3,
                2,
                0
              ],
              "inflate": 0.001,
              "pivot": [
                -6.6595,
                11.93677,
                -8.06735
              ],
              "rotation": [
                90,
                60,
                105
              ],
              "uv": [
                18,
                70
              ]
            },
            {
              "origin": [
                -6.93261,
                11.87584,
                -11.26333
              ],
              "size": [
                3,
                2,
                0
              ],
              "inflate": 0.001,
              "pivot": [
                -6.6595,
                11.53677,
                -11.36735
              ],
              "rotation": [
                90,
                60,
                105
              ],
              "uv": [
                30,
                69
              ]
            }
          ]
        },
        {
          "name": "bottomleafleft",
          "parent": "uppertorso",
          "pivot": [
            5.9595,
            14.03677,
            -8.06735
          ],
          "cubes": [
            {
              "origin": [
                6.38638,
                12.27584,
                -7.96333
              ],
              "size": [
                3,
                2,
                0
              ],
              "inflate": 0.001,
              "pivot": [
                6.6595,
                11.93677,
                -8.06735
              ],
              "rotation": [
                -90,
                -60,
                75
              ],
              "uv": [
                36,
                70
              ],
              "mirror": true
            },
            {
              "origin": [
                6.16615,
                9.43012,
                -7.96333
              ],
              "size": [
                3,
                3,
                0
              ],
              "inflate": 0.002,
              "pivot": [
                6.6595,
                11.93677,
                -8.06735
              ],
              "rotation": [
                -90,
                -45,
                75
              ],
              "uv": [
                33,
                57
              ],
              "mirror": true
            },
            {
              "origin": [
                4.28669,
                7.06694,
                -2.10761
              ],
              "size": [
                3,
                3,
                0
              ],
              "inflate": 0.001,
              "pivot": [
                6.6595,
                11.93677,
                -2.66735
              ],
              "rotation": [
                -90,
                -45,
                75
              ],
              "uv": [
                57,
                43
              ],
              "mirror": true
            },
            {
              "origin": [
                6.38638,
                8.27584,
                -5.96333
              ],
              "size": [
                3,
                2,
                0
              ],
              "inflate": 0.001,
              "pivot": [
                6.6595,
                7.93677,
                -6.06735
              ],
              "rotation": [
                -90,
                -60,
                75
              ],
              "uv": [
                24,
                70
              ],
              "mirror": true
            },
            {
              "origin": [
                6.37107,
                6.73657,
                -6.5148
              ],
              "size": [
                2,
                3,
                0
              ],
              "inflate": 0.001,
              "pivot": [
                6.6595,
                11.93677,
                -8.06735
              ],
              "rotation": [
                90,
                -82.5,
                -110
              ],
              "uv": [
                0,
                57
              ],
              "mirror": true
            },
            {
              "origin": [
                4.94793,
                6.73657,
                -6.5148
              ],
              "size": [
                2,
                3,
                0
              ],
              "inflate": 0.001,
              "pivot": [
                6.6595,
                11.93677,
                -8.06735
              ],
              "rotation": [
                -90,
                -82.5,
                70
              ],
              "uv": [
                8,
                40
              ],
              "mirror": true
            },
            {
              "origin": [
                4.28669,
                7.06694,
                -6.90761
              ],
              "size": [
                3,
                3,
                0
              ],
              "inflate": 0.001,
              "pivot": [
                6.6595,
                11.93677,
                -7.46735
              ],
              "rotation": [
                -90,
                -45,
                75
              ],
              "uv": [
                56,
                25
              ],
              "mirror": true
            },
            {
              "origin": [
                3.93261,
                12.27584,
                -7.96333
              ],
              "size": [
                3,
                2,
                0
              ],
              "inflate": 0.001,
              "pivot": [
                6.6595,
                11.93677,
                -8.06735
              ],
              "rotation": [
                90,
                -60,
                -105
              ],
              "uv": [
                18,
                70
              ],
              "mirror": true
            },
            {
              "origin": [
                3.93261,
                11.87584,
                -11.26333
              ],
              "size": [
                3,
                2,
                0
              ],
              "inflate": 0.001,
              "pivot": [
                6.6595,
                11.53677,
                -11.36735
              ],
              "rotation": [
                90,
                -60,
                -105
              ],
              "uv": [
                30,
                69
              ],
              "mirror": true
            }
          ]
        },
        {
          "name": "head",
          "parent": "uppertorso",
          "pivot": [
            0,
            12.7997,
            -8
          ],
          "cubes": [
            {
              "origin": [
                -5,
                13.5,
                -12
              ],
              "size": [
                10,
                11,
                8
              ],
              "uv": [
                56,
                0
              ]
            },
            {
              "origin": [
                -2,
                24.5,
                -8
              ],
              "size": [
                4,
                4,
                0
              ],
              "pivot": [
                0,
                26.5,
                -8
              ],
              "rotation": [
                0,
                0,
                45
              ],
              "uv": [
                56,
                0
              ]
            }
          ]
        },
        {
          "name": "upperfrontleaf",
          "parent": "head",
          "pivot": [
            0,
            24.46632,
            -12.03145
          ],
          "cubes": [
            {
              "origin": [
                -1.02502,
                23.13499,
                -13.0078
              ],
              "size": [
                3,
                2,
                0
              ],
              "inflate": 0.002,
              "pivot": [
                -0.52502,
                21.23499,
                -13.0078
              ],
              "rotation": [
                -14.51082,
                3.84097,
                14.51082
              ],
              "uv": [
                72,
                71
              ]
            },
            {
              "origin": [
                -1.97498,
                23.13499,
                -13.0078
              ],
              "size": [
                3,
                2,
                0
              ],
              "inflate": 0.001,
              "pivot": [
                0.52502,
                21.23499,
                -13.0078
              ],
              "rotation": [
                -14.51082,
                -3.84097,
                -14.51082
              ],
              "uv": [
                72,
                69
              ]
            },
            {
              "origin": [
                -1,
                20.26632,
                -12.73145
              ],
              "size": [
                3,
                3,
                0
              ],
              "inflate": 0.003,
              "pivot": [
                0,
                22.26632,
                -12.73145
              ],
              "rotation": [
                -10.72858,
                10.54529,
                44.00703
              ],
              "uv": [
                12,
                68
              ]
            }
          ]
        },
        {
          "name": "middlefrontleaf",
          "parent": "head",
          "pivot": [
            0,
            21.46632,
            -12.03145
          ],
          "cubes": [
            {
              "origin": [
                -3.5,
                20.26632,
                -12.13145
              ],
              "size": [
                3,
                2,
                0
              ],
              "inflate": 0.001,
              "pivot": [
                0,
                21.26632,
                -12.13145
              ],
              "rotation": [
                -13.06431,
                -7.43547,
                -29.14743
              ],
              "uv": [
                72,
                67
              ]
            },
            {
              "origin": [
                0.6,
                17.66632,
                -12.13145
              ],
              "size": [
                3,
                3,
                0
              ],
              "inflate": 0.002,
              "pivot": [
                0,
                21.26632,
                -12.13145
              ],
              "rotation": [
                -10.72858,
                10.54529,
                44.00703
              ],
              "uv": [
                54,
                67
              ]
            },
            {
              "origin": [
                0.5,
                20.26632,
                -12.13145
              ],
              "size": [
                3,
                2,
                0
              ],
              "inflate": 0.001,
              "pivot": [
                0,
                21.26632,
                -12.13145
              ],
              "rotation": [
                -13.06431,
                7.43547,
                29.14743
              ],
              "uv": [
                0,
                73
              ]
            }
          ]
        },
        {
          "name": "lowerfrontleaf",
          "parent": "head",
          "pivot": [
            0,
            18.5875,
            -12.0638
          ],
          "cubes": [
            {
              "origin": [
                -0.73906,
                11.04199,
                -12.73486
              ],
              "size": [
                4,
                4,
                0
              ],
              "inflate": 0.001,
              "pivot": [
                -3,
                17.26632,
                -12.83145
              ],
              "rotation": [
                -10.72858,
                -10.54529,
                -44.00703
              ],
              "uv": [
                18,
                16
              ]
            },
            {
              "origin": [
                -3.26094,
                11.04199,
                -12.73486
              ],
              "size": [
                4,
                4,
                0
              ],
              "inflate": 0.001,
              "pivot": [
                3,
                17.26632,
                -12.83145
              ],
              "rotation": [
                -10.72858,
                10.54529,
                44.00703
              ],
              "uv": [
                18,
                16
              ],
              "mirror": true
            },
            {
              "origin": [
                0.00553,
                14.10238,
                -11.95805
              ],
              "size": [
                2,
                3,
                0
              ],
              "inflate": 0.001,
              "pivot": [
                -3,
                17.26632,
                -12.83145
              ],
              "rotation": [
                -19.8423,
                -2.55868,
                -7.05239
              ],
              "uv": [
                18,
                74
              ]
            },
            {
              "origin": [
                -2.00553,
                14.10238,
                -11.95805
              ],
              "size": [
                2,
                3,
                0
              ],
              "inflate": 0.001,
              "pivot": [
                3,
                17.26632,
                -12.83145
              ],
              "rotation": [
                -19.8423,
                2.55868,
                7.05239
              ],
              "uv": [
                18,
                74
              ],
              "mirror": true
            }
          ]
        },
        {
          "name": "rightleaftop",
          "parent": "head",
          "pivot": [
            -5,
            24.3997,
            -8
          ],
          "cubes": [
            {
              "origin": [
                -6.94078,
                22.80904,
                -8.73435
              ],
              "size": [
                3,
                2,
                0
              ],
              "inflate": 0.001,
              "pivot": [
                -5.6,
                19.7997,
                -8
              ],
              "rotation": [
                90,
                75,
                105
              ],
              "uv": [
                24,
                72
              ]
            },
            {
              "origin": [
                -7.25922,
                22.80904,
                -8.73435
              ],
              "size": [
                3,
                2,
                0
              ],
              "inflate": 0.002,
              "pivot": [
                -5.6,
                19.7997,
                -8
              ],
              "rotation": [
                -90,
                75,
                -75
              ],
              "uv": [
                18,
                72
              ]
            },
            {
              "origin": [
                -5.93344,
                19.46626,
                -8.73435
              ],
              "size": [
                3,
                3,
                0
              ],
              "inflate": 0.003,
              "pivot": [
                -5.6,
                19.7997,
                -8
              ],
              "rotation": [
                -90,
                45,
                -75
              ],
              "uv": [
                24,
                65
              ]
            },
            {
              "origin": [
                -8.32688,
                20.13878,
                -7.89598
              ],
              "size": [
                3,
                2,
                0
              ],
              "inflate": 0.001,
              "pivot": [
                -5.6,
                19.7997,
                -8
              ],
              "rotation": [
                -90,
                60,
                -75
              ],
              "uv": [
                12,
                71
              ]
            },
            {
              "origin": [
                -5.87312,
                20.13878,
                -7.89598
              ],
              "size": [
                3,
                2,
                0
              ],
              "inflate": 0.001,
              "pivot": [
                -5.6,
                19.7997,
                -8
              ],
              "rotation": [
                90,
                60,
                105
              ],
              "uv": [
                30,
                71
              ]
            }
          ]
        },
        {
          "name": "leftleaftop",
          "parent": "head",
          "pivot": [
            5,
            24.3997,
            -8
          ],
          "cubes": [
            {
              "origin": [
                3.94078,
                22.80904,
                -8.73435
              ],
              "size": [
                3,
                2,
                0
              ],
              "inflate": 0.001,
              "pivot": [
                5.6,
                19.7997,
                -8
              ],
              "rotation": [
                90,
                -75,
                -105
              ],
              "uv": [
                24,
                72
              ],
              "mirror": true
            },
            {
              "origin": [
                4.25922,
                22.80904,
                -8.73435
              ],
              "size": [
                3,
                2,
                0
              ],
              "inflate": 0.002,
              "pivot": [
                5.6,
                19.7997,
                -8
              ],
              "rotation": [
                -90,
                -75,
                75
              ],
              "uv": [
                18,
                72
              ],
              "mirror": true
            },
            {
              "origin": [
                2.93344,
                19.46626,
                -8.73435
              ],
              "size": [
                3,
                3,
                0
              ],
              "inflate": 0.003,
              "pivot": [
                5.6,
                19.7997,
                -8
              ],
              "rotation": [
                -90,
                -45,
                75
              ],
              "uv": [
                24,
                65
              ],
              "mirror": true
            },
            {
              "origin": [
                5.32688,
                20.13878,
                -7.89598
              ],
              "size": [
                3,
                2,
                0
              ],
              "inflate": 0.001,
              "pivot": [
                5.6,
                19.7997,
                -8
              ],
              "rotation": [
                -90,
                -60,
                75
              ],
              "uv": [
                12,
                71
              ],
              "mirror": true
            },
            {
              "origin": [
                2.87312,
                20.13878,
                -7.89598
              ],
              "size": [
                3,
                2,
                0
              ],
              "inflate": 0.001,
              "pivot": [
                5.6,
                19.7997,
                -8
              ],
              "rotation": [
                90,
                -60,
                -105
              ],
              "uv": [
                30,
                71
              ],
              "mirror": true
            }
          ]
        },
        {
          "name": "middleleafright",
          "parent": "head",
          "pivot": [
            -5,
            19.7997,
            -8
          ],
          "cubes": [
            {
              "origin": [
                -6.22719,
                14.92987,
                -6.84026
              ],
              "size": [
                3,
                3,
                0
              ],
              "inflate": 0.001,
              "pivot": [
                -5.6,
                19.7997,
                -7.4
              ],
              "rotation": [
                -90,
                45,
                -75
              ],
              "uv": [
                12,
                65
              ]
            },
            {
              "origin": [
                -8.10665,
                17.29305,
                -7.89598
              ],
              "size": [
                3,
                3,
                0
              ],
              "inflate": 0.002,
              "pivot": [
                -5.6,
                19.7997,
                -8
              ],
              "rotation": [
                -90,
                45,
                -75
              ],
              "uv": [
                18,
                65
              ]
            },
            {
              "origin": [
                -6.22719,
                14.92987,
                -2.04026
              ],
              "size": [
                3,
                3,
                0
              ],
              "inflate": 0.001,
              "pivot": [
                -5.6,
                19.7997,
                -2.6
              ],
              "rotation": [
                -90,
                45,
                -75
              ],
              "uv": [
                6,
                65
              ]
            },
            {
              "origin": [
                -5.88843,
                14.59951,
                -6.44744
              ],
              "size": [
                2,
                3,
                0
              ],
              "inflate": 0.001,
              "pivot": [
                -5.6,
                19.7997,
                -8
              ],
              "rotation": [
                -90,
                82.5,
                -70
              ],
              "uv": [
                14,
                73
              ]
            },
            {
              "origin": [
                -7.31157,
                14.59951,
                -6.44744
              ],
              "size": [
                2,
                3,
                0
              ],
              "inflate": 0.001,
              "pivot": [
                -5.6,
                19.7997,
                -8
              ],
              "rotation": [
                90,
                82.5,
                110
              ],
              "uv": [
                10,
                73
              ]
            }
          ]
        },
        {
          "name": "middleleafleft",
          "parent": "head",
          "pivot": [
            5,
            19.7997,
            -8
          ],
          "cubes": [
            {
              "origin": [
                3.22719,
                14.92987,
                -6.84026
              ],
              "size": [
                3,
                3,
                0
              ],
              "inflate": 0.001,
              "pivot": [
                5.6,
                19.7997,
                -7.4
              ],
              "rotation": [
                -90,
                -45,
                75
              ],
              "uv": [
                12,
                65
              ],
              "mirror": true
            },
            {
              "origin": [
                5.10665,
                17.29305,
                -7.89598
              ],
              "size": [
                3,
                3,
                0
              ],
              "inflate": 0.002,
              "pivot": [
                5.6,
                19.7997,
                -8
              ],
              "rotation": [
                -90,
                -45,
                75
              ],
              "uv": [
                18,
                65
              ],
              "mirror": true
            },
            {
              "origin": [
                3.22719,
                14.92987,
                -2.04026
              ],
              "size": [
                3,
                3,
                0
              ],
              "inflate": 0.001,
              "pivot": [
                5.6,
                19.7997,
                -2.6
              ],
              "rotation": [
                -90,
                -45,
                75
              ],
              "uv": [
                6,
                65
              ],
              "mirror": true
            },
            {
              "origin": [
                3.88843,
                14.59951,
                -6.44744
              ],
              "size": [
                2,
                3,
                0
              ],
              "inflate": 0.001,
              "pivot": [
                5.6,
                19.7997,
                -8
              ],
              "rotation": [
                -90,
                -82.5,
                70
              ],
              "uv": [
                14,
                73
              ],
              "mirror": true
            },
            {
              "origin": [
                5.31157,
                14.59951,
                -6.44744
              ],
              "size": [
                2,
                3,
                0
              ],
              "inflate": 0.001,
              "pivot": [
                5.6,
                19.7997,
                -8
              ],
              "rotation": [
                90,
                -82.5,
                -110
              ],
              "uv": [
                10,
                73
              ],
              "mirror": true
            }
          ]
        },
        {
          "name": "backleaftop",
          "parent": "head",
          "pivot": [
            0,
            23.26193,
            -4.02744
          ],
          "cubes": [
            {
              "origin": [
                -2.39927,
                22.16844,
                -3.38546
              ],
              "size": [
                3,
                2,
                0
              ],
              "inflate": 0.001,
              "pivot": [
                0,
                21.26193,
                -3.32744
              ],
              "rotation": [
                166.93569,
                7.43547,
                -150.85257
              ],
              "uv": [
                60,
                70
              ]
            },
            {
              "origin": [
                -0.60073,
                22.16844,
                -3.38546
              ],
              "size": [
                3,
                2,
                0
              ],
              "inflate": 0.001,
              "pivot": [
                0,
                21.26193,
                -3.32744
              ],
              "rotation": [
                166.93569,
                -7.43547,
                150.85257
              ],
              "uv": [
                66,
                70
              ]
            },
            {
              "origin": [
                -0.95666,
                19.21859,
                -3.38546
              ],
              "size": [
                3,
                3,
                0
              ],
              "inflate": 0.002,
              "pivot": [
                0,
                21.26193,
                -3.32744
              ],
              "rotation": [
                169.27142,
                -10.54529,
                135.99297
              ],
              "uv": [
                18,
                62
              ]
            }
          ]
        },
        {
          "name": "backleafbottom",
          "parent": "head",
          "pivot": [
            0,
            18.26193,
            -4.02744
          ],
          "cubes": [
            {
              "origin": [
                0.98225,
                20.67379,
                -2.92974
              ],
              "size": [
                3,
                3,
                0
              ],
              "inflate": 0.001,
              "pivot": [
                0,
                21.26193,
                -3.32744
              ],
              "rotation": [
                169.27142,
                -10.54529,
                135.99297
              ],
              "uv": [
                12,
                62
              ]
            },
            {
              "origin": [
                -3.98225,
                20.67379,
                -2.92974
              ],
              "size": [
                3,
                3,
                0
              ],
              "inflate": 0.001,
              "pivot": [
                0,
                21.26193,
                -3.32744
              ],
              "rotation": [
                169.27142,
                10.54529,
                -135.99297
              ],
              "uv": [
                12,
                62
              ],
              "mirror": true
            },
            {
              "origin": [
                -2.39927,
                17.16844,
                -3.38546
              ],
              "size": [
                3,
                2,
                0
              ],
              "inflate": 0.001,
              "pivot": [
                0,
                16.26193,
                -3.32744
              ],
              "rotation": [
                166.93569,
                7.43547,
                -150.85257
              ],
              "uv": [
                54,
                70
              ]
            },
            {
              "origin": [
                -0.95666,
                15.21859,
                -3.38546
              ],
              "size": [
                3,
                3,
                0
              ],
              "inflate": 0.002,
              "pivot": [
                0,
                17.26193,
                -3.32744
              ],
              "rotation": [
                169.27142,
                -10.54529,
                135.99297
              ],
              "uv": [
                0,
                62
              ]
            },
            {
              "origin": [
                -0.60073,
                17.16844,
                -3.38546
              ],
              "size": [
                3,
                2,
                0
              ],
              "inflate": 0.001,
              "pivot": [
                0,
                16.26193,
                -3.32744
              ],
              "rotation": [
                166.93569,
                -7.43547,
                150.85257
              ],
              "uv": [
                48,
                70
              ]
            },
            {
              "origin": [
                -0.58814,
                13.27968,
                -2.92974
              ],
              "size": [
                3,
                3,
                0
              ],
              "inflate": 0.001,
              "pivot": [
                0,
                17.26193,
                -3.32744
              ],
              "rotation": [
                169.27142,
                10.54529,
                -135.99297
              ],
              "uv": [
                6,
                62
              ],
              "mirror": true
            },
            {
              "origin": [
                -2.41186,
                13.27968,
                -2.92974
              ],
              "size": [
                3,
                3,
                0
              ],
              "inflate": 0.001,
              "pivot": [
                0,
                17.26193,
                -3.32744
              ],
              "rotation": [
                169.27142,
                -10.54529,
                135.99297
              ],
              "uv": [
                6,
                62
              ]
            }
          ]
        },
        {
          "name": "eyestalkleft",
          "parent": "head",
          "pivot": [
            5,
            24.5,
            -8
          ],
          "cubes": [
            {
              "origin": [
                3,
                21.5,
                -8
              ],
              "size": [
                10,
                11,
                0
              ],
              "inflate": 0.005,
              "uv": [
                43,
                93
              ]
            },
            {
              "origin": [
                6,
                25.5,
                -8
              ],
              "size": [
                3,
                4,
                0
              ],
              "inflate": 0.002,
              "uv": [
                60,
                87
              ]
            },
            {
              "origin": [
                6,
                25.5,
                -8
              ],
              "size": [
                3,
                4,
                0
              ],
              "uv": [
                62,
                115
              ]
            }
          ]
        },
        {
          "name": "eyestalkleft2",
          "parent": "eyestalkleft",
          "pivot": [
            9,
            32.5,
            -8
          ],
          "cubes": [
            {
              "origin": [
                6,
                32.5,
                -8
              ],
              "size": [
                4,
                8,
                0
              ],
              "uv": [
                108,
                2
              ]
            }
          ]
        },
        {
          "name": "bottomeyelidleft",
          "parent": "eyestalkleft",
          "pivot": [
            7.5,
            26,
            -8
          ],
          "cubes": [
            {
              "origin": [
                6,
                25.5,
                -8
              ],
              "size": [
                3,
                1,
                0
              ],
              "inflate": 0.004,
              "uv": [
                82,
                86
              ]
            }
          ]
        },
        {
          "name": "topeyelidleft",
          "parent": "eyestalkleft",
          "pivot": [
            7.5,
            29,
            -8
          ],
          "cubes": [
            {
              "origin": [
                6,
                28,
                -8
              ],
              "size": [
                3,
                2,
                0
              ],
              "inflate": 0.004,
              "uv": [
                72,
                96
              ]
            }
          ]
        },
        {
          "name": "pupilleft",
          "parent": "eyestalkleft",
          "pivot": [
            7.5,
            27.8,
            -8
          ],
          "cubes": [
            {
              "origin": [
                7,
                26.8,
                -8
              ],
              "size": [
                1,
                1,
                0
              ],
              "inflate": 0.003,
              "pivot": [
                7.5,
                27.3,
                -8
              ],
              "rotation": [
                0,
                0,
                45
              ],
              "uv": [
                100,
                68
              ]
            }
          ]
        },
        {
          "name": "eyestalkright",
          "parent": "head",
          "pivot": [
            -5,
            24.5,
            -8
          ],
          "cubes": [
            {
              "origin": [
                -13,
                21.5,
                -8
              ],
              "size": [
                10,
                11,
                0
              ],
              "inflate": 0.005,
              "uv": [
                43,
                93
              ],
              "mirror": true
            },
            {
              "origin": [
                -9,
                25.5,
                -8
              ],
              "size": [
                3,
                4,
                0
              ],
              "inflate": 0.002,
              "uv": [
                60,
                87
              ],
              "mirror": true
            },
            {
              "origin": [
                -9,
                25.5,
                -8
              ],
              "size": [
                3,
                4,
                0
              ],
              "uv": [
                62,
                115
              ],
              "mirror": true
            }
          ]
        },
        {
          "name": "eyestalkright2",
          "parent": "eyestalkright",
          "pivot": [
            -9,
            32.5,
            -8
          ],
          "cubes": [
            {
              "origin": [
                -10,
                32.5,
                -8
              ],
              "size": [
                4,
                8,
                0
              ],
              "uv": [
                108,
                2
              ],
              "mirror": true
            }
          ]
        },
        {
          "name": "bottomeyelidright",
          "parent": "eyestalkright",
          "pivot": [
            -7.5,
            26,
            -8
          ],
          "cubes": [
            {
              "origin": [
                -9,
                25.5,
                -8
              ],
              "size": [
                3,
                1,
                0
              ],
              "inflate": 0.004,
              "uv": [
                82,
                86
              ],
              "mirror": true
            }
          ]
        },
        {
          "name": "topeyelidright",
          "parent": "eyestalkright",
          "pivot": [
            -7.5,
            29,
            -8
          ],
          "cubes": [
            {
              "origin": [
                -9,
                28,
                -8
              ],
              "size": [
                3,
                2,
                0
              ],
              "inflate": 0.004,
              "uv": [
                72,
                96
              ],
              "mirror": true
            }
          ]
        },
        {
          "name": "pupilright",
          "parent": "eyestalkright",
          "pivot": [
            -7.5,
            27.8,
            -8
          ],
          "cubes": [
            {
              "origin": [
                -8,
                26.8,
                -8
              ],
              "size": [
                1,
                1,
                0
              ],
              "inflate": 0.003,
              "pivot": [
                -7.5,
                27.3,
                -8
              ],
              "rotation": [
                0,
                0,
                -45
              ],
              "uv": [
                100,
                68
              ],
              "mirror": true
            }
          ]
        },
        {
          "name": "tendrilleft",
          "parent": "uppertorso",
          "pivot": [
            5.9,
            10.5,
            -12.4
          ],
          "cubes": [
            {
              "origin": [
                5.9,
                10,
                -12.9
              ],
              "size": [
                6,
                1,
                1
              ],
              "uv": [
                14,
                24
              ]
            }
          ]
        },
        {
          "name": "tendrilleft2",
          "parent": "tendrilleft",
          "pivot": [
            11.9,
            10.5,
            -12.4
          ],
          "cubes": [
            {
              "origin": [
                11.9,
                11,
                -12.4
              ],
              "size": [
                2,
                2,
                0
              ],
              "pivot": [
                12.9,
                12,
                -12.4
              ],
              "rotation": [
                0,
                0,
                -45
              ],
              "uv": [
                34,
                74
              ]
            },
            {
              "origin": [
                11.9,
                10,
                -12.9
              ],
              "size": [
                6,
                1,
                1
              ],
              "uv": [
                0,
                24
              ]
            }
          ]
        },
        {
          "name": "tendrilleft3",
          "parent": "tendrilleft2",
          "pivot": [
            17.9,
            10.5,
            -12.4
          ],
          "cubes": [
            {
              "origin": [
                17.9,
                10,
                -12.4
              ],
              "size": [
                6,
                1,
                0
              ],
              "inflate": 0.002,
              "uv": [
                12,
                27
              ]
            },
            {
              "origin": [
                19.9,
                8.1,
                -12.4
              ],
              "size": [
                2,
                2,
                0
              ],
              "pivot": [
                20.9,
                9.1,
                -12.4
              ],
              "rotation": [
                0,
                0,
                -45
              ],
              "uv": [
                0,
                60
              ]
            }
          ]
        },
        {
          "name": "tendrilleft4",
          "parent": "tendrilleft3",
          "pivot": [
            23.9,
            10.5,
            -12.4
          ],
          "cubes": [
            {
              "origin": [
                23.9,
                10,
                -12.4
              ],
              "size": [
                6,
                1,
                0
              ],
              "inflate": 0.003,
              "uv": [
                0,
                27
              ]
            },
            {
              "origin": [
                25.9,
                10.7,
                -12.4
              ],
              "size": [
                2,
                2,
                0
              ],
              "pivot": [
                26.9,
                11.7,
                -12.4
              ],
              "rotation": [
                0,
                0,
                -45
              ],
              "uv": [
                4,
                33
              ]
            }
          ]
        },
        {
          "name": "tendrilright",
          "parent": "uppertorso",
          "pivot": [
            -5.9,
            10.5,
            -12.4
          ],
          "cubes": [
            {
              "origin": [
                -11.9,
                10,
                -12.9
              ],
              "size": [
                6,
                1,
                1
              ],
              "uv": [
                14,
                24
              ],
              "mirror": true
            }
          ]
        },
        {
          "name": "tendrilright2",
          "parent": "tendrilright",
          "pivot": [
            -11.9,
            10.5,
            -12.4
          ],
          "cubes": [
            {
              "origin": [
                -13.9,
                11,
                -12.4
              ],
              "size": [
                2,
                2,
                0
              ],
              "pivot": [
                -12.9,
                12,
                -12.4
              ],
              "rotation": [
                0,
                0,
                45
              ],
              "uv": [
                34,
                74
              ],
              "mirror": true
            },
            {
              "origin": [
                -17.9,
                10,
                -12.9
              ],
              "size": [
                6,
                1,
                1
              ],
              "uv": [
                0,
                24
              ],
              "mirror": true
            }
          ]
        },
        {
          "name": "tendrilright3",
          "parent": "tendrilright2",
          "pivot": [
            -17.9,
            10.5,
            -12.4
          ],
          "cubes": [
            {
              "origin": [
                -23.9,
                10,
                -12.4
              ],
              "size": [
                6,
                1,
                0
              ],
              "inflate": 0.002,
              "uv": [
                12,
                27
              ],
              "mirror": true
            },
            {
              "origin": [
                -21.9,
                8.1,
                -12.4
              ],
              "size": [
                2,
                2,
                0
              ],
              "pivot": [
                -20.9,
                9.1,
                -12.4
              ],
              "rotation": [
                0,
                0,
                45
              ],
              "uv": [
                0,
                60
              ],
              "mirror": true
            }
          ]
        },
        {
          "name": "tendrilright4",
          "parent": "tendrilright3",
          "pivot": [
            -23.9,
            10.5,
            -12.4
          ],
          "cubes": [
            {
              "origin": [
                -29.9,
                10,
                -12.4
              ],
              "size": [
                6,
                1,
                0
              ],
              "inflate": 0.003,
              "uv": [
                0,
                27
              ],
              "mirror": true
            },
            {
              "origin": [
                -27.9,
                10.7,
                -12.4
              ],
              "size": [
                2,
                2,
                0
              ],
              "pivot": [
                -26.9,
                11.7,
                -12.4
              ],
              "rotation": [
                0,
                0,
                45
              ],
              "uv": [
                4,
                33
              ],
              "mirror": true
            }
          ]
        },
        {
          "name": "furfront",
          "parent": "torso",
          "pivot": [
            0,
            2.5,
            -14
          ],
          "cubes": [
            {
              "origin": [
                -7,
                2.5,
                -19
              ],
              "size": [
                14,
                0,
                5
              ],
              "pivot": [
                0,
                2.5,
                -14
              ],
              "rotation": [
                30.75,
                0,
                0
              ],
              "uv": [
                0,
                57
              ]
            }
          ]
        },
        {
          "name": "furback",
          "parent": "torso",
          "pivot": [
            0,
            2.5,
            14
          ],
          "cubes": [
            {
              "origin": [
                -7,
                1.22177,
                13.64852
              ],
              "size": [
                14,
                0,
                5
              ],
              "pivot": [
                0,
                1.22177,
                16.14852
              ],
              "rotation": [
                -149.25,
                0,
                180
              ],
              "uv": [
                0,
                57
              ]
            }
          ]
        },
        {
          "name": "furleft",
          "parent": "torso",
          "pivot": [
            7,
            2.5,
            0
          ],
          "cubes": [
            {
              "origin": [
                -12.5,
                5.89822,
                -11.86185
              ],
              "size": [
                28,
                0,
                5
              ],
              "pivot": [
                0,
                1.22091,
                -1.5
              ],
              "rotation": [
                0,
                -90,
                30.75
              ],
              "uv": [
                34,
                38
              ]
            }
          ]
        },
        {
          "name": "furright",
          "parent": "torso",
          "pivot": [
            -7,
            2.5,
            0
          ],
          "cubes": [
            {
              "origin": [
                -15.5,
                5.89822,
                -11.86185
              ],
              "size": [
                28,
                0,
                5
              ],
              "pivot": [
                0,
                1.22091,
                -1.5
              ],
              "rotation": [
                0,
                90,
                -30.75
              ],
              "uv": [
                34,
                38
              ],
              "mirror": true
            }
          ]
        },
        {
          "name": "furbackleft",
          "parent": "torso",
          "pivot": [
            7,
            2.5,
            14
          ],
          "cubes": [
            {
              "origin": [
                6.75352,
                0.87551,
                13.51309
              ],
              "size": [
                4,
                0,
                4
              ],
              "pivot": [
                8.75352,
                0.87551,
                15.51309
              ],
              "rotation": [
                -69.22683,
                -65.00985,
                94.28736
              ],
              "uv": [
                14,
                8
              ]
            }
          ]
        },
        {
          "name": "furbackright",
          "parent": "torso",
          "pivot": [
            -7,
            2.5,
            14
          ],
          "cubes": [
            {
              "origin": [
                -10.75352,
                0.87551,
                13.51309
              ],
              "size": [
                4,
                0,
                4
              ],
              "pivot": [
                -8.75352,
                0.87551,
                15.51309
              ],
              "rotation": [
                -69.22683,
                65.00985,
                -94.28736
              ],
              "uv": [
                14,
                8
              ],
              "mirror": true
            }
          ]
        },
        {
          "name": "furfrontleft",
          "parent": "torso",
          "pivot": [
            7,
            2.5,
            -14
          ],
          "cubes": [
            {
              "origin": [
                6.75352,
                0.87551,
                -17.51309
              ],
              "size": [
                4,
                0,
                4
              ],
              "pivot": [
                8.75352,
                0.87551,
                -15.51309
              ],
              "rotation": [
                23.54749,
                -8.61733,
                23.26115
              ],
              "uv": [
                14,
                8
              ]
            }
          ]
        },
        {
          "name": "furfrontright",
          "parent": "torso",
          "pivot": [
            -7,
            2.5,
            -14
          ],
          "cubes": [
            {
              "origin": [
                -10.75352,
                0.87551,
                -17.51309
              ],
              "size": [
                4,
                0,
                4
              ],
              "pivot": [
                -8.75352,
                0.87551,
                -15.51309
              ],
              "rotation": [
                23.54749,
                8.61733,
                -23.26115
              ],
              "uv": [
                14,
                8
              ],
              "mirror": true
            }
          ]
        },
        {
          "name": "tailleaf",
          "parent": "torso",
          "pivot": [
            0,
            4.81729,
            13.78049
          ],
          "cubes": [
            {
              "origin": [
                -2.5,
                4.31729,
                16.78049
              ],
              "size": [
                3,
                3,
                0
              ],
              "inflate": 0.003,
              "pivot": [
                0,
                4.81729,
                16.78049
              ],
              "rotation": [
                86.46671,
                -44.94549,
                2.49762
              ],
              "uv": [
                39,
                43
              ]
            },
            {
              "origin": [
                -0.36066,
                5.2544,
                16.78049
              ],
              "size": [
                3,
                2,
                0
              ],
              "inflate": 0.001,
              "pivot": [
                0,
                4.81729,
                16.78049
              ],
              "rotation": [
                87.11386,
                -29.96852,
                1.44261
              ],
              "uv": [
                18,
                68
              ]
            },
            {
              "origin": [
                -0.5,
                2.31729,
                16.78049
              ],
              "size": [
                3,
                3,
                0
              ],
              "inflate": 0.002,
              "pivot": [
                0,
                4.81729,
                16.78049
              ],
              "rotation": [
                86.46671,
                -44.94549,
                2.49762
              ],
              "uv": [
                45,
                43
              ]
            },
            {
              "origin": [
                -2.63934,
                5.2544,
                16.78049
              ],
              "size": [
                3,
                2,
                0
              ],
              "inflate": 0.001,
              "pivot": [
                0,
                4.81729,
                16.78049
              ],
              "rotation": [
                87.11386,
                29.96852,
                -1.44261
              ],
              "uv": [
                6,
                44
              ]
            }
          ]
        },
        {
          "name": "shell",
          "parent": "torso",
          "pivot": [
            0,
            8.16154,
            7
          ],
          "cubes": [
            {
              "origin": [
                -6.5,
                2.2,
                0
              ],
              "size": [
                13,
                11,
                13
              ],
              "pivot": [
                0.5,
                7.7,
                8
              ],
              "rotation": [
                -15,
                0,
                0
              ],
              "uv": [
                0,
                33
              ]
            },
            {
              "origin": [
                -7.5,
                5.5,
                3
              ],
              "size": [
                0,
                5,
                12
              ],
              "uv": [
                16,
                70
              ]
            },
            {
              "origin": [
                -7.5,
                6.5,
                5.5
              ],
              "size": [
                0,
                3,
                1
              ],
              "inflate": 0.002,
              "uv": [
                110,
                61
              ]
            },
            {
              "origin": [
                -0.501,
                5.5,
                7.999
              ],
              "size": [
                0,
                5,
                15
              ],
              "pivot": [
                -0.501,
                8,
                14.999
              ],
              "rotation": [
                0,
                90,
                0
              ],
              "uv": [
                13,
                67
              ]
            },
            {
              "origin": [
                7.498,
                5.5,
                -1
              ],
              "size": [
                0,
                5,
                16
              ],
              "pivot": [
                7.498,
                8,
                7
              ],
              "rotation": [
                0,
                180,
                0
              ],
              "uv": [
                12,
                66
              ]
            },
            {
              "origin": [
                7.499,
                5.5,
                -0.999
              ],
              "size": [
                0,
                7,
                14
              ],
              "pivot": [
                7.499,
                8,
                -0.999
              ],
              "rotation": [
                0,
                -90,
                0
              ],
              "uv": [
                9,
                86
              ]
            },
            {
              "origin": [
                -6.5,
                7.5,
                -1
              ],
              "size": [
                0,
                10,
                16
              ],
              "pivot": [
                -6.5,
                11,
                -1
              ],
              "rotation": [
                0,
                0,
                0
              ],
              "uv": [
                7,
                74
              ]
            },
            {
              "origin": [
                -7,
                11.91465,
                13.56748
              ],
              "size": [
                2,
                5,
                0
              ],
              "pivot": [
                -6.2,
                14.71465,
                13.86748
              ],
              "rotation": [
                -15,
                0,
                0
              ],
              "uv": [
                88,
                120
              ]
            }
          ]
        },
        {
          "name": "shell2",
          "parent": "shell",
          "pivot": [
            0,
            12.98728,
            8.22213
          ],
          "cubes": [
            {
              "origin": [
                -5,
                14.30463,
                14.01377
              ],
              "size": [
                10,
                5,
                0
              ],
              "pivot": [
                -1,
                17.60463,
                5.01377
              ],
              "rotation": [
                -15,
                0,
                0
              ],
              "uv": [
                107,
                97
              ]
            },
            {
              "origin": [
                5,
                14.30463,
                4.01377
              ],
              "size": [
                0,
                5,
                10
              ],
              "pivot": [
                -1,
                17.60463,
                5.01377
              ],
              "rotation": [
                -15,
                0,
                0
              ],
              "uv": [
                107,
                87
              ]
            },
            {
              "origin": [
                -5,
                14.30463,
                4.01377
              ],
              "size": [
                10,
                8,
                0
              ],
              "pivot": [
                -1,
                17.60463,
                5.01377
              ],
              "rotation": [
                -15,
                0,
                0
              ],
              "uv": [
                108,
                115
              ]
            },
            {
              "origin": [
                -5,
                21.30463,
                12.01377
              ],
              "size": [
                8,
                9,
                0
              ],
              "pivot": [
                -1,
                17.60463,
                5.01377
              ],
              "rotation": [
                -15,
                0,
                0
              ],
              "uv": [
                103,
                82
              ]
            },
            {
              "origin": [
                3,
                24.30463,
                6.01377
              ],
              "size": [
                0,
                9,
                6
              ],
              "pivot": [
                -1,
                17.60463,
                5.01377
              ],
              "rotation": [
                -15,
                0,
                0
              ],
              "uv": [
                105,
                76
              ]
            },
            {
              "origin": [
                3,
                29.30463,
                6.51377
              ],
              "size": [
                0,
                3,
                1
              ],
              "inflate": 0.001,
              "pivot": [
                -1,
                17.60463,
                5.01377
              ],
              "rotation": [
                -15,
                0,
                0
              ],
              "uv": [
                109,
                61
              ]
            },
            {
              "origin": [
                5,
                15.30463,
                8.51377
              ],
              "size": [
                0,
                3,
                1
              ],
              "inflate": 0.001,
              "pivot": [
                -1,
                17.60463,
                5.01377
              ],
              "rotation": [
                -15,
                0,
                0
              ],
              "uv": [
                109,
                61
              ]
            },
            {
              "origin": [
                -5,
                17.48728,
                4.22213
              ],
              "size": [
                0,
                9,
                8
              ],
              "pivot": [
                -5,
                17.98728,
                8.22213
              ],
              "rotation": [
                -165,
                0,
                180
              ],
              "uv": [
                103,
                73
              ]
            }
          ]
        },
        {
          "name": "backleaf",
          "parent": "shell",
          "pivot": [
            6.45908,
            14.4834,
            3.50418
          ],
          "cubes": [
            {
              "origin": [
                5.35464,
                11.75014,
                3.89103
              ],
              "size": [
                3,
                3,
                0
              ],
              "inflate": 0.003,
              "pivot": [
                7.75908,
                12.1834,
                3.90418
              ],
              "rotation": [
                -101.14714,
                -54.55834,
                67.3051
              ],
              "uv": [
                51,
                43
              ]
            },
            {
              "origin": [
                7.50799,
                12.66025,
                3.89103
              ],
              "size": [
                3,
                2,
                0
              ],
              "inflate": 0.001,
              "pivot": [
                7.75908,
                12.1834,
                3.90418
              ],
              "rotation": [
                -108.31476,
                -69.09877,
                75.36773
              ],
              "uv": [
                68,
                25
              ]
            },
            {
              "origin": [
                5.20893,
                12.54549,
                3.89103
              ],
              "size": [
                3,
                2,
                0
              ],
              "inflate": 0.001,
              "pivot": [
                7.75908,
                12.1834,
                3.90418
              ],
              "rotation": [
                99.94015,
                -49.5003,
                -129.4057
              ],
              "uv": [
                24,
                68
              ]
            },
            {
              "origin": [
                7.35464,
                9.75014,
                3.89103
              ],
              "size": [
                3,
                3,
                0
              ],
              "inflate": 0.002,
              "pivot": [
                7.75908,
                12.1834,
                3.90418
              ],
              "rotation": [
                -101.14714,
                -54.55834,
                67.3051
              ],
              "uv": [
                56,
                4
              ]
            }
          ]
        }
      ]
    }
  ]
}