{
  "format_version": "1.12.0",
  "minecraft:geometry": [
    {
      "description": {
        "identifier": "geometry.unknown",
        "texture_width": 128,
        "texture_height": 128,
        "visible_bounds_width": 4,
        "visible_bounds_height": 5.5,
        "visible_bounds_offset": [
          0,
          2.25,
          0
        ]
      },
      "bones": [
        {
          "name": "pheromosa",
          "pivot": [
            0,
            0,
            0
          ]
        },
        {
          "name": "body",
          "parent": "pheromosa",
          "pivot": [
            0,
            32.5,
            0
          ],
          "cubes": [
            {
              "origin": [
                -2.5,
                31,
                -1.5
              ],
              "size": [
                5,
                3,
                3
              ],
              "uv": [
                38,
                49
              ]
            }
          ]
        },
        {
          "name": "legleft",
          "parent": "body",
          "pivot": [
            1.3,
            30.75,
            0
          ],
          "cubes": [
            {
              "origin": [
                0.3,
                22,
                -1
              ],
              "size": [
                2,
                9,
                2
              ],
              "uv": [
                0,
                0
              ]
            },
            {
              "origin": [
                0.3,
                20.5,
                -1
              ],
              "size": [
                2,
                2,
                2
              ],
              "inflate": 0.001,
              "pivot": [
                1.3,
                21.5,
                0
              ],
              "rotation": [
                -15,
                0,
                0
              ],
              "uv": [
                38,
                63
              ]
            }
          ]
        },
        {
          "name": "legleft2",
          "parent": "legleft",
          "pivot": [
            1.3,
            21.125,
            0
          ],
          "cubes": [
            {
              "origin": [
                0.8,
                12,
                -1
              ],
              "size": [
                1,
                9,
                2
              ],
              "uv": [
                5,
                70
              ]
            }
          ]
        },
        {
          "name": "legleft3",
          "parent": "legleft2",
          "pivot": [
            1.3,
            12,
            0
          ],
          "cubes": [
            {
              "origin": [
                0.8,
                4,
                -0.5
              ],
              "size": [
                1,
                8,
                1
              ],
              "uv": [
                36,
                73
              ]
            },
            {
              "origin": [
                0.8,
                0,
                -0.5
              ],
              "size": [
                1,
                4,
                0
              ],
              "uv": [
                60,
                63
              ]
            },
            {
              "origin": [
                0.8,
                0,
                0.5
              ],
              "size": [
                1,
                4,
                0
              ],
              "uv": [
                47,
                63
              ]
            }
          ]
        },
        {
          "name": "legright",
          "parent": "body",
          "pivot": [
            -1.3,
            30.75,
            0
          ],
          "cubes": [
            {
              "origin": [
                -2.3,
                22,
                -1
              ],
              "size": [
                2,
                9,
                2
              ],
              "uv": [
                0,
                0
              ],
              "mirror": true
            },
            {
              "origin": [
                -2.3,
                20.5,
                -1
              ],
              "size": [
                2,
                2,
                2
              ],
              "inflate": 0.001,
              "pivot": [
                -1.3,
                21.5,
                0
              ],
              "rotation": [
                -15,
                0,
                0
              ],
              "uv": [
                38,
                63
              ],
              "mirror": true
            }
          ]
        },
        {
          "name": "legright2",
          "parent": "legright",
          "pivot": [
            -1.3,
            21.125,
            0
          ],
          "cubes": [
            {
              "origin": [
                -1.8,
                12,
                -1
              ],
              "size": [
                1,
                9,
                2
              ],
              "uv": [
                5,
                70
              ],
              "mirror": true
            }
          ]
        },
        {
          "name": "legright3",
          "parent": "legright2",
          "pivot": [
            -1.3,
            12,
            0
          ],
          "cubes": [
            {
              "origin": [
                -1.8,
                4,
                -0.5
              ],
              "size": [
                1,
                8,
                1
              ],
              "uv": [
                36,
                73
              ],
              "mirror": true
            },
            {
              "origin": [
                -1.8,
                0,
                -0.5
              ],
              "size": [
                1,
                4,
                0
              ],
              "uv": [
                60,
                63
              ],
              "mirror": true
            },
            {
              "origin": [
                -1.8,
                0,
                0.5
              ],
              "size": [
                1,
                4,
                0
              ],
              "uv": [
                47,
                63
              ],
              "mirror": true
            }
          ]
        },
        {
          "name": "torso",
          "parent": "body",
          "pivot": [
            0,
            33.9,
            0
          ],
          "cubes": [
            {
              "origin": [
                -0.5,
                34,
                -0.5
              ],
              "size": [
                1,
                5,
                1
              ],
              "uv": [
                22,
                59
              ]
            }
          ]
        },
        {
          "name": "torso2",
          "parent": "torso",
          "pivot": [
            0,
            36.40515,
            -0.11691
          ],
          "cubes": [
            {
              "origin": [
                -2,
                43,
                -2
              ],
              "size": [
                4,
                1,
                4
              ],
              "uv": [
                65,
                42
              ]
            },
            {
              "origin": [
                -1,
                41,
                -1
              ],
              "size": [
                2,
                1,
                2
              ],
              "uv": [
                51,
                63
              ]
            },
            {
              "origin": [
                -1.5,
                44,
                -1.5
              ],
              "size": [
                3,
                1,
                3
              ],
              "uv": [
                66,
                0
              ]
            },
            {
              "origin": [
                2.25637,
                39.79457,
                -3
              ],
              "size": [
                0,
                4,
                6
              ],
              "pivot": [
                1.95028,
                43.67526,
                1
              ],
              "rotation": [
                0,
                0,
                -60
              ],
              "uv": [
                15,
                60
              ]
            },
            {
              "origin": [
                0,
                41,
                -7
              ],
              "size": [
                0,
                3,
                10
              ],
              "pivot": [
                0,
                44,
                -2
              ],
              "rotation": [
                -90,
                57.5,
                -90
              ],
              "uv": [
                48,
                49
              ]
            },
            {
              "origin": [
                0,
                41,
                -3
              ],
              "size": [
                0,
                3,
                10
              ],
              "pivot": [
                0,
                44,
                2
              ],
              "rotation": [
                90,
                -57.5,
                -90
              ],
              "uv": [
                48,
                49
              ]
            },
            {
              "origin": [
                0,
                39,
                -1
              ],
              "size": [
                0,
                3,
                4
              ],
              "pivot": [
                0,
                42,
                1
              ],
              "rotation": [
                90,
                -57.5,
                -90
              ],
              "uv": [
                66,
                69
              ]
            },
            {
              "origin": [
                -1,
                39,
                -2
              ],
              "size": [
                0,
                3,
                4
              ],
              "pivot": [
                -1,
                42,
                0
              ],
              "rotation": [
                0,
                0,
                32.5
              ],
              "uv": [
                69,
                22
              ]
            },
            {
              "origin": [
                0,
                39,
                -3
              ],
              "size": [
                0,
                3,
                4
              ],
              "pivot": [
                0,
                42,
                -1
              ],
              "rotation": [
                -90,
                57.5,
                -90
              ],
              "uv": [
                66,
                69
              ]
            },
            {
              "origin": [
                1,
                39,
                -2
              ],
              "size": [
                0,
                3,
                4
              ],
              "pivot": [
                1,
                42,
                0
              ],
              "rotation": [
                0,
                0,
                -32.5
              ],
              "uv": [
                69,
                22
              ]
            },
            {
              "origin": [
                1,
                37,
                -2
              ],
              "size": [
                0,
                3,
                4
              ],
              "pivot": [
                1,
                40,
                0
              ],
              "rotation": [
                0,
                0,
                -32.5
              ],
              "uv": [
                69,
                22
              ]
            },
            {
              "origin": [
                0,
                37,
                -3
              ],
              "size": [
                0,
                3,
                4
              ],
              "pivot": [
                0,
                40,
                -1
              ],
              "rotation": [
                -90,
                57.5,
                -90
              ],
              "uv": [
                66,
                69
              ]
            },
            {
              "origin": [
                -1,
                37,
                -2
              ],
              "size": [
                0,
                3,
                4
              ],
              "pivot": [
                -1,
                40,
                0
              ],
              "rotation": [
                0,
                0,
                32.5
              ],
              "uv": [
                69,
                22
              ]
            },
            {
              "origin": [
                0,
                37,
                -1
              ],
              "size": [
                0,
                3,
                4
              ],
              "pivot": [
                0,
                40,
                1
              ],
              "rotation": [
                90,
                -57.5,
                -90
              ],
              "uv": [
                66,
                69
              ]
            },
            {
              "origin": [
                -1,
                39,
                -1
              ],
              "size": [
                2,
                1,
                2
              ],
              "uv": [
                59,
                55
              ]
            },
            {
              "origin": [
                -2,
                34,
                -3
              ],
              "size": [
                0,
                3,
                6
              ],
              "pivot": [
                -2,
                37,
                0
              ],
              "rotation": [
                0,
                0,
                32.5
              ],
              "uv": [
                64,
                57
              ]
            },
            {
              "origin": [
                0,
                34,
                -1
              ],
              "size": [
                0,
                3,
                6
              ],
              "pivot": [
                0,
                37,
                2
              ],
              "rotation": [
                90,
                -57.5,
                -90
              ],
              "uv": [
                64,
                57
              ]
            },
            {
              "origin": [
                0,
                34,
                -5
              ],
              "size": [
                0,
                3,
                6
              ],
              "pivot": [
                0,
                37,
                -2
              ],
              "rotation": [
                -90,
                57.5,
                -90
              ],
              "uv": [
                64,
                57
              ]
            },
            {
              "origin": [
                2,
                34,
                -3
              ],
              "size": [
                0,
                3,
                6
              ],
              "pivot": [
                2,
                37,
                0
              ],
              "rotation": [
                0,
                0,
                -32.5
              ],
              "uv": [
                64,
                57
              ]
            },
            {
              "origin": [
                -2,
                36,
                -2
              ],
              "size": [
                4,
                1,
                4
              ],
              "uv": [
                59,
                49
              ]
            },
            {
              "origin": [
                -2.25637,
                39.79457,
                -3
              ],
              "size": [
                0,
                4,
                6
              ],
              "pivot": [
                -1.95028,
                43.67526,
                1
              ],
              "rotation": [
                0,
                0,
                60
              ],
              "uv": [
                15,
                60
              ]
            },
            {
              "origin": [
                -0.5,
                39,
                -0.5
              ],
              "size": [
                1,
                4,
                1
              ],
              "uv": [
                44,
                35
              ]
            }
          ]
        },
        {
          "name": "neck",
          "parent": "torso2",
          "pivot": [
            0,
            44.6,
            0
          ],
          "cubes": [
            {
              "origin": [
                -0.5,
                44.7,
                -0.5
              ],
              "size": [
                1,
                7,
                1
              ],
              "uv": [
                48,
                73
              ]
            }
          ]
        },
        {
          "name": "head",
          "parent": "neck",
          "pivot": [
            0.00008,
            51.01667,
            0.05775
          ],
          "cubes": [
            {
              "origin": [
                -3,
                50.8,
                -2.5
              ],
              "size": [
                6,
                1,
                5
              ],
              "uv": [
                11,
                52
              ]
            },
            {
              "origin": [
                3.499,
                52,
                -3
              ],
              "size": [
                0,
                3,
                3
              ],
              "uv": [
                41,
                73
              ]
            },
            {
              "origin": [
                -3.498,
                52,
                -3
              ],
              "size": [
                0,
                3,
                3
              ],
              "uv": [
                72,
                5
              ]
            },
            {
              "origin": [
                -3.2,
                52.5,
                -3.002
              ],
              "size": [
                2,
                1,
                0
              ],
              "uv": [
                44,
                42
              ],
              "mirror": true
            },
            {
              "origin": [
                -3.5,
                51.5,
                -3
              ],
              "size": [
                7,
                2,
                6
              ],
              "uv": [
                48,
                25
              ]
            },
            {
              "origin": [
                1.5,
                52.5,
                -3.003
              ],
              "size": [
                1,
                1,
                0
              ],
              "uv": [
                0,
                15
              ]
            },
            {
              "origin": [
                -2.5,
                52.5,
                -3.003
              ],
              "size": [
                1,
                1,
                0
              ],
              "uv": [
                0,
                15
              ],
              "mirror": true
            },
            {
              "origin": [
                1.2,
                52.5,
                -3.002
              ],
              "size": [
                2,
                1,
                0
              ],
              "uv": [
                44,
                42
              ]
            },
            {
              "origin": [
                -0.5,
                50.9,
                -2.501
              ],
              "size": [
                1,
                1,
                0
              ],
              "uv": [
                9,
                10
              ]
            },
            {
              "origin": [
                -3.5,
                53.5,
                -3
              ],
              "size": [
                7,
                3,
                0
              ],
              "uv": [
                0,
                66
              ]
            },
            {
              "origin": [
                1,
                53.498,
                -3.6
              ],
              "size": [
                3,
                0,
                2
              ],
              "uv": [
                0,
                21
              ]
            },
            {
              "origin": [
                -4,
                53.498,
                -3.6
              ],
              "size": [
                3,
                0,
                2
              ],
              "uv": [
                0,
                21
              ],
              "mirror": true
            }
          ]
        },
        {
          "name": "cape",
          "parent": "head",
          "pivot": [
            0,
            53.10538,
            1.0112
          ],
          "cubes": [
            {
              "origin": [
                -4.5,
                54.99913,
                0.59858
              ],
              "size": [
                9,
                0,
                3
              ],
              "pivot": [
                1,
                54.99913,
                3.59858
              ],
              "rotation": [
                30,
                0,
                0
              ],
              "uv": [
                58,
                18
              ]
            }
          ]
        },
        {
          "name": "cape1",
          "parent": "cape",
          "pivot": [
            0,
            54.99913,
            3.59858
          ],
          "cubes": [
            {
              "origin": [
                -7.5,
                54.99913,
                3.59858
              ],
              "size": [
                15,
                0,
                3
              ],
              "uv": [
                31,
                45
              ]
            }
          ]
        },
        {
          "name": "cape2",
          "parent": "cape1",
          "pivot": [
            0,
            54.99913,
            6.51524
          ],
          "cubes": [
            {
              "origin": [
                -9.5,
                54.99913,
                6.59858
              ],
              "size": [
                19,
                0,
                9
              ],
              "uv": [
                0,
                25
              ]
            }
          ]
        },
        {
          "name": "cape3",
          "parent": "cape2",
          "pivot": [
            0,
            54.99913,
            15.59858
          ],
          "cubes": [
            {
              "origin": [
                -11.5,
                54.99913,
                15.59858
              ],
              "size": [
                23,
                0,
                11
              ],
              "uv": [
                0,
                13
              ]
            }
          ]
        },
        {
          "name": "cape4",
          "parent": "cape3",
          "pivot": [
            0,
            54.99913,
            26.54858
          ],
          "cubes": [
            {
              "origin": [
                -11.5,
                54.99913,
                26.59858
              ],
              "size": [
                23,
                0,
                12
              ],
              "uv": [
                0,
                0
              ]
            }
          ]
        },
        {
          "name": "cape5",
          "parent": "cape4",
          "pivot": [
            0,
            54.99913,
            38.59858
          ],
          "cubes": [
            {
              "origin": [
                -8.5,
                54.99913,
                44.59858
              ],
              "size": [
                17,
                0,
                9
              ],
              "pivot": [
                0,
                54.99913,
                46.09858
              ],
              "rotation": [
                0,
                180,
                0
              ],
              "uv": [
                0,
                35
              ]
            }
          ]
        },
        {
          "name": "cape6",
          "parent": "cape5",
          "pivot": [
            0,
            54.99913,
            47.43191
          ],
          "cubes": [
            {
              "origin": [
                -4.5,
                54.99913,
                40.59858
              ],
              "size": [
                9,
                0,
                4
              ],
              "pivot": [
                0,
                54.99913,
                46.09858
              ],
              "rotation": [
                0,
                180,
                0
              ],
              "uv": [
                58,
                13
              ]
            }
          ]
        },
        {
          "name": "cape7",
          "parent": "cape6",
          "pivot": [
            0,
            54.99913,
            50.59858
          ],
          "cubes": [
            {
              "origin": [
                -2.8,
                54.99913,
                42.59858
              ],
              "size": [
                12,
                0,
                6
              ],
              "pivot": [
                4.7,
                54.99913,
                50.09858
              ],
              "rotation": [
                0,
                180,
                0
              ],
              "uv": [
                0,
                45
              ]
            },
            {
              "origin": [
                -9.2,
                54.99913,
                42.59858
              ],
              "size": [
                12,
                0,
                6
              ],
              "pivot": [
                -4.7,
                54.99913,
                50.09858
              ],
              "rotation": [
                0,
                -180,
                0
              ],
              "uv": [
                44,
                35
              ]
            }
          ]
        },
        {
          "name": "antenna",
          "parent": "head",
          "pivot": [
            2,
            57.03846,
            -3
          ],
          "cubes": [
            {
              "origin": [
                1.5,
                57,
                -3
              ],
              "size": [
                1,
                4,
                0
              ],
              "uv": [
                62,
                0
              ]
            }
          ]
        },
        {
          "name": "antenna2",
          "parent": "antenna",
          "pivot": [
            2,
            61.04167,
            -3
          ],
          "cubes": [
            {
              "origin": [
                1.5,
                61,
                -3
              ],
              "size": [
                1,
                4,
                0
              ],
              "uv": [
                9,
                0
              ]
            }
          ]
        },
        {
          "name": "antenna3",
          "parent": "antenna2",
          "pivot": [
            2,
            65.04545,
            -3
          ],
          "cubes": [
            {
              "origin": [
                1.5,
                65,
                -3
              ],
              "size": [
                1,
                4,
                0
              ],
              "uv": [
                59,
                0
              ]
            }
          ]
        },
        {
          "name": "antenna4",
          "parent": "antenna3",
          "pivot": [
            2,
            68.95,
            -3
          ],
          "cubes": [
            {
              "origin": [
                1.5,
                69,
                -3
              ],
              "size": [
                1,
                4,
                0
              ],
              "uv": [
                9,
                5
              ]
            }
          ]
        },
        {
          "name": "antenna5",
          "parent": "antenna4",
          "pivot": [
            2,
            73.05556,
            -3
          ],
          "cubes": [
            {
              "origin": [
                1.5,
                73,
                -3
              ],
              "size": [
                1,
                4,
                0
              ],
              "uv": [
                55,
                54
              ]
            }
          ]
        },
        {
          "name": "antenna6",
          "parent": "antenna5",
          "pivot": [
            2,
            76.9625,
            -3
          ],
          "cubes": [
            {
              "origin": [
                1.5,
                77,
                -3
              ],
              "size": [
                1,
                4,
                0
              ],
              "uv": [
                48,
                25
              ]
            }
          ]
        },
        {
          "name": "anteanna7",
          "parent": "antenna6",
          "pivot": [
            2,
            80.97143,
            -3
          ],
          "cubes": [
            {
              "origin": [
                1.5,
                81,
                -3
              ],
              "size": [
                1,
                4,
                0
              ],
              "uv": [
                55,
                49
              ]
            }
          ]
        },
        {
          "name": "antenna8",
          "parent": "anteanna7",
          "pivot": [
            2,
            84.98333,
            -3
          ],
          "cubes": [
            {
              "origin": [
                1.5,
                85,
                -3
              ],
              "size": [
                1,
                4,
                0
              ],
              "uv": [
                51,
                25
              ]
            }
          ]
        },
        {
          "name": "antenna9",
          "parent": "antenna8",
          "pivot": [
            2,
            89,
            -3
          ],
          "cubes": [
            {
              "origin": [
                1.5,
                102,
                -3
              ],
              "size": [
                1,
                4,
                0
              ],
              "uv": [
                32,
                52
              ]
            },
            {
              "origin": [
                1.5,
                89,
                -3
              ],
              "size": [
                1,
                13,
                0
              ],
              "uv": [
                12,
                70
              ]
            }
          ]
        },
        {
          "name": "antenna10",
          "parent": "antenna9",
          "pivot": [
            2,
            106.025,
            -3
          ],
          "cubes": [
            {
              "origin": [
                1.5,
                106,
                -3
              ],
              "size": [
                1,
                4,
                0
              ],
              "uv": [
                11,
                52
              ]
            }
          ]
        },
        {
          "name": "antenna11",
          "parent": "antenna10",
          "pivot": [
            2,
            109.96667,
            -3
          ],
          "cubes": [
            {
              "origin": [
                1.5,
                110,
                -3
              ],
              "size": [
                1,
                19,
                0
              ],
              "uv": [
                28,
                63
              ]
            }
          ]
        },
        {
          "name": "antenna12",
          "parent": "antenna11",
          "pivot": [
            2,
            128.95,
            -3
          ],
          "cubes": [
            {
              "origin": [
                1,
                133,
                -3
              ],
              "size": [
                2,
                5,
                0
              ],
              "uv": [
                0,
                45
              ]
            },
            {
              "origin": [
                1.5,
                129,
                -3
              ],
              "size": [
                1,
                4,
                0
              ],
              "uv": [
                29,
                52
              ]
            }
          ]
        },
        {
          "name": "antenna7",
          "parent": "head",
          "pivot": [
            -2,
            57.03846,
            -3
          ],
          "cubes": [
            {
              "origin": [
                -2.5,
                57,
                -3
              ],
              "size": [
                1,
                4,
                0
              ],
              "uv": [
                62,
                0
              ],
              "mirror": true
            }
          ]
        },
        {
          "name": "antenna13",
          "parent": "antenna7",
          "pivot": [
            -2,
            61.04167,
            -3
          ],
          "cubes": [
            {
              "origin": [
                -2.5,
                61,
                -3
              ],
              "size": [
                1,
                4,
                0
              ],
              "uv": [
                9,
                0
              ],
              "mirror": true
            }
          ]
        },
        {
          "name": "antenna14",
          "parent": "antenna13",
          "pivot": [
            -2,
            65.04545,
            -3
          ],
          "cubes": [
            {
              "origin": [
                -2.5,
                65,
                -3
              ],
              "size": [
                1,
                4,
                0
              ],
              "uv": [
                59,
                0
              ],
              "mirror": true
            }
          ]
        },
        {
          "name": "antenna15",
          "parent": "antenna14",
          "pivot": [
            -2,
            68.95,
            -3
          ],
          "cubes": [
            {
              "origin": [
                -2.5,
                69,
                -3
              ],
              "size": [
                1,
                4,
                0
              ],
              "uv": [
                9,
                5
              ],
              "mirror": true
            }
          ]
        },
        {
          "name": "antenna16",
          "parent": "antenna15",
          "pivot": [
            -2,
            73.05556,
            -3
          ],
          "cubes": [
            {
              "origin": [
                -2.5,
                73,
                -3
              ],
              "size": [
                1,
                4,
                0
              ],
              "uv": [
                55,
                54
              ],
              "mirror": true
            }
          ]
        },
        {
          "name": "antenna17",
          "parent": "antenna16",
          "pivot": [
            -2,
            76.9625,
            -3
          ],
          "cubes": [
            {
              "origin": [
                -2.5,
                77,
                -3
              ],
              "size": [
                1,
                4,
                0
              ],
              "uv": [
                48,
                25
              ],
              "mirror": true
            }
          ]
        },
        {
          "name": "anteanna2",
          "parent": "antenna17",
          "pivot": [
            -2,
            80.97143,
            -3
          ],
          "cubes": [
            {
              "origin": [
                -2.5,
                81,
                -3
              ],
              "size": [
                1,
                4,
                0
              ],
              "uv": [
                55,
                49
              ],
              "mirror": true
            }
          ]
        },
        {
          "name": "antenna18",
          "parent": "anteanna2",
          "pivot": [
            -2,
            84.98333,
            -3
          ],
          "cubes": [
            {
              "origin": [
                -2.5,
                85,
                -3
              ],
              "size": [
                1,
                4,
                0
              ],
              "uv": [
                51,
                25
              ],
              "mirror": true
            }
          ]
        },
        {
          "name": "antenna19",
          "parent": "antenna18",
          "pivot": [
            -2,
            89,
            -3
          ],
          "cubes": [
            {
              "origin": [
                -2.5,
                102,
                -3
              ],
              "size": [
                1,
                4,
                0
              ],
              "uv": [
                32,
                52
              ],
              "mirror": true
            },
            {
              "origin": [
                -2.5,
                89,
                -3
              ],
              "size": [
                1,
                13,
                0
              ],
              "uv": [
                12,
                70
              ],
              "mirror": true
            }
          ]
        },
        {
          "name": "antenna20",
          "parent": "antenna19",
          "pivot": [
            -2,
            106.025,
            -3
          ],
          "cubes": [
            {
              "origin": [
                -2.5,
                106,
                -3
              ],
              "size": [
                1,
                4,
                0
              ],
              "uv": [
                11,
                52
              ],
              "mirror": true
            }
          ]
        },
        {
          "name": "antenna21",
          "parent": "antenna20",
          "pivot": [
            -2,
            109.96667,
            -3
          ],
          "cubes": [
            {
              "origin": [
                -2.5,
                110,
                -3
              ],
              "size": [
                1,
                19,
                0
              ],
              "uv": [
                28,
                63
              ],
              "mirror": true
            }
          ]
        },
        {
          "name": "antenna22",
          "parent": "antenna21",
          "pivot": [
            -2,
            128.95,
            -3
          ],
          "cubes": [
            {
              "origin": [
                -3,
                133,
                -3
              ],
              "size": [
                2,
                5,
                0
              ],
              "uv": [
                0,
                45
              ],
              "mirror": true
            },
            {
              "origin": [
                -2.5,
                129,
                -3
              ],
              "size": [
                1,
                4,
                0
              ],
              "uv": [
                29,
                52
              ],
              "mirror": true
            }
          ]
        },
        {
          "name": "armleft",
          "parent": "torso2",
          "pivot": [
            2.1,
            43.5,
            -0.5
          ],
          "cubes": [
            {
              "origin": [
                1.5,
                31.5,
                -1
              ],
              "size": [
                1,
                12,
                1
              ],
              "pivot": [
                2,
                43.5,
                -1.5
              ],
              "rotation": [
                0,
                0,
                -90
              ],
              "uv": [
                0,
                70
              ]
            }
          ]
        },
        {
          "name": "armleft2",
          "parent": "armleft",
          "pivot": [
            14.125,
            43.5,
            -0.5
          ],
          "cubes": [
            {
              "origin": [
                13.5,
                42.5,
                -1
              ],
              "size": [
                1,
                2,
                1
              ],
              "inflate": 0.001,
              "pivot": [
                14,
                43.5,
                -0.5
              ],
              "rotation": [
                0,
                0,
                -60
              ],
              "uv": [
                5,
                13
              ]
            },
            {
              "origin": [
                13.5,
                34.5,
                -1
              ],
              "size": [
                1,
                9,
                1
              ],
              "pivot": [
                14,
                43.5,
                -1.5
              ],
              "rotation": [
                0,
                0,
                -90
              ],
              "uv": [
                31,
                73
              ]
            }
          ]
        },
        {
          "name": "fingersleft",
          "parent": "armleft2",
          "pivot": [
            23,
            43.5,
            -0.5
          ],
          "cubes": [
            {
              "origin": [
                24.4,
                41.5,
                -1
              ],
              "size": [
                1,
                4,
                0
              ],
              "pivot": [
                24.9,
                43.5,
                -1
              ],
              "rotation": [
                -12.5,
                0,
                -90
              ],
              "uv": [
                34,
                63
              ]
            },
            {
              "origin": [
                24.4,
                41.5,
                0
              ],
              "size": [
                1,
                4,
                0
              ],
              "pivot": [
                24.9,
                43.5,
                0
              ],
              "rotation": [
                12.5,
                0,
                -90
              ],
              "uv": [
                31,
                63
              ]
            }
          ]
        },
        {
          "name": "armright",
          "parent": "torso2",
          "pivot": [
            -2.1,
            43.5,
            -0.5
          ],
          "cubes": [
            {
              "origin": [
                -2.5,
                31.5,
                -1
              ],
              "size": [
                1,
                12,
                1
              ],
              "pivot": [
                -2,
                43.5,
                -1.5
              ],
              "rotation": [
                0,
                0,
                90
              ],
              "uv": [
                0,
                70
              ],
              "mirror": true
            }
          ]
        },
        {
          "name": "armright2",
          "parent": "armright",
          "pivot": [
            -14.125,
            43.5,
            -0.5
          ],
          "cubes": [
            {
              "origin": [
                -14.5,
                42.5,
                -1
              ],
              "size": [
                1,
                2,
                1
              ],
              "inflate": 0.001,
              "pivot": [
                -14,
                43.5,
                -0.5
              ],
              "rotation": [
                0,
                0,
                60
              ],
              "uv": [
                5,
                13
              ],
              "mirror": true
            },
            {
              "origin": [
                -14.5,
                34.5,
                -1
              ],
              "size": [
                1,
                9,
                1
              ],
              "pivot": [
                -14,
                43.5,
                -1.5
              ],
              "rotation": [
                0,
                0,
                90
              ],
              "uv": [
                31,
                73
              ],
              "mirror": true
            }
          ]
        },
        {
          "name": "fingersright",
          "parent": "armright2",
          "pivot": [
            -23,
            43.5,
            -0.5
          ],
          "cubes": [
            {
              "origin": [
                -25.4,
                41.5,
                -1
              ],
              "size": [
                1,
                4,
                0
              ],
              "pivot": [
                -24.9,
                43.5,
                -1
              ],
              "rotation": [
                -12.5,
                0,
                90
              ],
              "uv": [
                34,
                63
              ],
              "mirror": true
            },
            {
              "origin": [
                -25.4,
                41.5,
                0
              ],
              "size": [
                1,
                4,
                0
              ],
              "pivot": [
                -24.9,
                43.5,
                0
              ],
              "rotation": [
                12.5,
                0,
                90
              ],
              "uv": [
                31,
                63
              ],
              "mirror": true
            }
          ]
        }
      ]
    }
  ]
}